/* Generated by misc/icon/make_icon.py: 64x64 RGBA window icon (original art). */
#define DW2_ICON_W 64
#define DW2_ICON_H 64
static const unsigned char dw2_icon_rgba[64 * 64 * 4] = {
    0x00, 0x00, 0x00, 0x00, 0x00, 0x00, 0x00, 0x00, 0x00, 0x00, 0x00, 0x00, 0x00, 0x00, 0x00, 0x00,
    0xff, 0xff, 0x00, 0x01, 0xff, 0x7f, 0x00, 0x02, 0x00, 0x00, 0x00, 0x00, 0x01, 0x02, 0x01, 0x00,
    0xff, 0xff, 0x51, 0x42, 0xfb, 0xd5, 0x3e, 0x94, 0xd8, 0xad, 0x36, 0xbf, 0xc4, 0x90, 0x3c, 0xe0,
    0xb1, 0x76, 0x2d, 0xdc, 0xb2, 0x79, 0x2d, 0xdd, 0xb2, 0x78, 0x2d, 0xdd, 0xb1, 0x76, 0x29, 0xdd,
    0xb1, 0x72, 0x19, 0xdd, 0xb1, 0x72, 0x1b, 0xdd, 0xb0, 0x72, 0x1b, 0xdd, 0xb0, 0x72, 0x1b, 0xdd,
    0xaf, 0x71, 0x1b, 0xdd, 0xaf, 0x71, 0x1a, 0xdd, 0xaf, 0x71, 0x1b, 0xdd, 0xae, 0x6f, 0x1b, 0xdd,
    0xae, 0x6f, 0x1a, 0xdd, 0xad, 0x71, 0x20, 0xdd, 0xad, 0x73, 0x2b, 0xdd, 0xab, 0x73, 0x29, 0xdd,
    0xab, 0x73, 0x2b, 0xdd, 0xab, 0x6f, 0x21, 0xdd, 0xab, 0x6d, 0x19, 0xdd, 0xab, 0x6e, 0x1b, 0xdd,
    0xab, 0x6e, 0x1a, 0xdd, 0xab, 0x6e, 0x1a, 0xdd, 0xab, 0x6e, 0x1a, 0xdd, 0xad, 0x6e, 0x1a, 0xdd,
    0xad, 0x6e, 0x1a, 0xdd, 0xad, 0x6f, 0x1b, 0xdd, 0xad, 0x73, 0x29, 0xdd, 0xae, 0x74, 0x2a, 0xdd,
    0xae, 0x74, 0x2a, 0xdd, 0xaf, 0x74, 0x2a, 0xdd, 0xaf, 0x71, 0x1b, 0xdd, 0xaf, 0x71, 0x1b, 0xdd,
    0xb0, 0x72, 0x1b, 0xdd, 0xb0, 0x72, 0x1b, 0xdd, 0xb1, 0x72, 0x1b, 0xdd, 0xb1, 0x73, 0x1b, 0xdd,
    0xb1, 0x73, 0x1b, 0xdd, 0xb2, 0x74, 0x1b, 0xdd, 0xb2, 0x74, 0x1c, 0xdd, 0xb1, 0x71, 0x1c, 0xdc,
    0xc4, 0x89, 0x23, 0xe0, 0xd8, 0xb1, 0x46, 0xbf, 0xfb, 0xdf, 0x65, 0x94, 0xff, 0xff, 0x7f, 0x42,
    0x01, 0x02, 0x01, 0x00, 0x00, 0x00, 0x00, 0x00, 0xff, 0x7f, 0x00, 0x02, 0xff, 0xff, 0x00, 0x01,
    0x00, 0x00, 0x00, 0x00, 0x00, 0x00, 0x00, 0x00, 0x00, 0x00, 0x00, 0x00, 0x00, 0x00, 0x00, 0x00,
    0x00, 0x00, 0x00, 0x00, 0x00, 0x00, 0x00, 0x00, 0x00, 0x00, 0x00, 0x00, 0xff, 0x7f, 0x00, 0x02,
    0x00, 0x00, 0x00, 0x00, 0x00, 0x00, 0x00, 0x00, 0xff, 0xfb, 0x4c, 0x4d, 0xec, 0xbf, 0x35, 0xbd,
    0xb8, 0x7d, 0x21, 0xdf, 0x96, 0x51, 0x11, 0xdc, 0x92, 0x4a, 0x0e, 0xd8, 0xa2, 0x60, 0x15, 0xd7,
    0xb8, 0x7f, 0x30, 0xe0, 0xb7, 0x7d, 0x2f, 0xe0, 0xb7, 0x7e, 0x2e, 0xe0, 0xb6, 0x7d, 0x2f, 0xe0,
    0xb5, 0x7c, 0x2d, 0xe0, 0xb5, 0x76, 0x1b, 0xe0, 0xb3, 0x76, 0x1c, 0xe0, 0xb2, 0x75, 0x1c, 0xe0,
    0xb2, 0x75, 0x1c, 0xe0, 0xb1, 0x74, 0x1c, 0xe0, 0xb1, 0x74, 0x1c, 0xe0, 0xb0, 0x72, 0x1c, 0xe0,
    0xaf, 0x72, 0x1c, 0xe0, 0xaf, 0x71, 0x1a, 0xe0, 0xae, 0x75, 0x27, 0xe0, 0xae, 0x76, 0x2d, 0xe0,
    0xae, 0x76, 0x2d, 0xe0, 0xae, 0x75, 0x28, 0xe0, 0xae, 0x71, 0x1b, 0xe0, 0xae, 0x70, 0x1b, 0xe0,
    0xae, 0x70, 0x1c, 0xe0, 0xae, 0x70, 0x1c, 0xe0, 0xae, 0x70, 0x1c, 0xe0, 0xae, 0x71, 0x1c, 0xe0,
    0xae, 0x71, 0x1b, 0xe0, 0xae, 0x72, 0x21, 0xe0, 0xaf, 0x77, 0x2d, 0xe0, 0xb0, 0x77, 0x2c, 0xe0,
    0xb0, 0x78, 0x2e, 0xe0, 0xb1, 0x75, 0x1f, 0xe0, 0xb1, 0x74, 0x1b, 0xe0, 0xb2, 0x75, 0x1c, 0xe0,
    0xb2, 0x75, 0x1c, 0xe0, 0xb3, 0x76, 0x1c, 0xe0, 0xb5, 0x77, 0x1c, 0xe0, 0xb5, 0x77, 0x1d, 0xe0,
    0xb6, 0x78, 0x1c, 0xe0, 0xb7, 0x78, 0x1c, 0xe0, 0xb7, 0x78, 0x1d, 0xe0, 0xb8, 0x7a, 0x1e, 0xe0,
    0xa2, 0x62, 0x20, 0xd7, 0x92, 0x4d, 0x17, 0xd8, 0x96, 0x53, 0x1b, 0xdc, 0xb8, 0x82, 0x34, 0xdf,
    0xec, 0xc7, 0x59, 0xbd, 0xff, 0xff, 0x6d, 0x4d, 0x00, 0x00, 0x00, 0x00, 0x00, 0x00, 0x00, 0x00,
    0xff, 0x7f, 0x00, 0x02, 0x00, 0x00, 0x00, 0x00, 0x00, 0x00, 0x00, 0x00, 0x00, 0x00, 0x00, 0x00,
    0x00, 0x00, 0x00, 0x00, 0x00, 0x00, 0x00, 0x00, 0xff, 0xff, 0x7f, 0x02, 0x00, 0x00, 0x00, 0x00,
    0xff, 0xff, 0x5b, 0x0e, 0xff, 0xdd, 0x40, 0xa1, 0xc1, 0x86, 0x22, 0xed, 0x8e, 0x43, 0x0e, 0xda,
    0xb0, 0x6f, 0x1b, 0xdc, 0xe4, 0xb1, 0x30, 0xf0, 0xfa, 0xcf, 0x3c, 0xfd, 0xff, 0xd9, 0x3e, 0xff,
    0xff, 0xe2, 0x57, 0xff, 0xff, 0xe7, 0x6c, 0xff, 0xff, 0xe5, 0x68, 0xff, 0xff, 0xe3, 0x68, 0xff,
    0xff, 0xe2, 0x68, 0xff, 0xff, 0xd9, 0x4b, 0xff, 0xfd, 0xd3, 0x3c, 0xff, 0xfb, 0xd3, 0x3f, 0xff,
    0xfa, 0xd1, 0x3e, 0xff, 0xf8, 0xcf, 0x3e, 0xff, 0xf6, 0xce, 0x3e, 0xff, 0xf5, 0xcd, 0x3e, 0xff,
    0xf3, 0xcc, 0x3e, 0xff, 0xf2, 0xca, 0x3c, 0xff, 0xf1, 0xd1, 0x55, 0xff, 0xf0, 0xd4, 0x64, 0xff,
    0xef, 0xd3, 0x63, 0xff, 0xee, 0xcf, 0x58, 0xff, 0xee, 0xc8, 0x3b, 0xff, 0xee, 0xc8, 0x3d, 0xff,
    0xee, 0xc8, 0x3d, 0xff, 0xee, 0xc8, 0x3d, 0xff, 0xee, 0xc8, 0x3d, 0xff, 0xef, 0xc9, 0x3e, 0xff,
    0xf0, 0xc8, 0x3b, 0xff, 0xf1, 0xce, 0x4d, 0xff, 0xf2, 0xd6, 0x65, 0xff, 0xf3, 0xd6, 0x62, 0xff,
    0xf5, 0xd7, 0x62, 0xff, 0xf6, 0xcf, 0x42, 0xff, 0xf8, 0xcf, 0x3c, 0xff, 0xfa, 0xd1, 0x3e, 0xff,
    0xfb, 0xd2, 0x3e, 0xff, 0xfd, 0xd4, 0x3f, 0xff, 0xff, 0xd5, 0x3f, 0xff, 0xff, 0xd6, 0x3f, 0xff,
    0xff, 0xd8, 0x40, 0xff, 0xff, 0xda, 0x41, 0xff, 0xff, 0xd9, 0x3d, 0xff, 0xff, 0xe1, 0x53, 0xff,
    0xff, 0xe5, 0x69, 0xff, 0xfa, 0xd9, 0x61, 0xfd, 0xe4, 0xb9, 0x50, 0xf0, 0xb0, 0x73, 0x2e, 0xdc,
    0x8e, 0x47, 0x18, 0xda, 0xc1, 0x88, 0x2b, 0xed, 0xff, 0xdd, 0x3f, 0xa1, 0xff, 0xff, 0x5b, 0x0e,
    0x00, 0x00, 0x00, 0x00, 0xff, 0xff, 0x7f, 0x02, 0x00, 0x00, 0x00, 0x00, 0x00, 0x00, 0x00, 0x00,
    0x00, 0x00, 0x00, 0x00, 0xff, 0x7f, 0x00, 0x02, 0x00, 0x00, 0x00, 0x00, 0xff, 0xff, 0x50, 0x13,
    0xf8, 0xc6, 0x38, 0xcc, 0xa0, 0x59, 0x12, 0xe5, 0x9c, 0x55, 0x11, 0xd2, 0xf1, 0xc2, 0x35, 0xf6,
    0xff, 0xde, 0x3f, 0xff, 0xff, 0xd2, 0x3c, 0xff, 0xfa, 0xca, 0x3a, 0xff, 0xf6, 0xc7, 0x38, 0xfe,
    0xf3, 0xc4, 0x35, 0xfe, 0xf2, 0xca, 0x50, 0xfe, 0xf0, 0xcd, 0x5e, 0xfe, 0xee, 0xca, 0x59, 0xfe,
    0xec, 0xc9, 0x5b, 0xfe, 0xea, 0xc6, 0x56, 0xfe, 0xe8, 0xbc, 0x37, 0xfe, 0xe6, 0xba, 0x35, 0xfe,
    0xe4, 0xb8, 0x36, 0xfe, 0xe2, 0xb7, 0x36, 0xfe, 0xe1, 0xb6, 0x36, 0xfe, 0xe0, 0xb4, 0x36, 0xfe,
    0xde, 0xb4, 0x37, 0xfe, 0xdd, 0xb2, 0x34, 0xfe, 0xdb, 0xb6, 0x43, 0xfe, 0xdb, 0xbb, 0x57, 0xfe,
    0xda, 0xba, 0x56, 0xfe, 0xd9, 0xb8, 0x50, 0xfe, 0xd9, 0xb1, 0x36, 0xfe, 0xd9, 0xb0, 0x35, 0xfe,
    0xd9, 0xb0, 0x36, 0xfe, 0xd9, 0xb0, 0x36, 0xfe, 0xda, 0xb0, 0x36, 0xfe, 0xda, 0xb1, 0x36, 0xfe,
    0xdb, 0xb1, 0x34, 0xfe, 0xdb, 0xb9, 0x4c, 0xfe, 0xdd, 0xbd, 0x57, 0xfe, 0xde, 0xbe, 0x58, 0xfe,
    0xdf, 0xbb, 0x4d, 0xfe, 0xe1, 0xb5, 0x34, 0xfe, 0xe2, 0xb7, 0x36, 0xfe, 0xe4, 0xb8, 0x36, 0xfe,
    0xe6, 0xba, 0x36, 0xfe, 0xe8, 0xbb, 0x36, 0xfe, 0xea, 0xbd, 0x37, 0xfe, 0xec, 0xbe, 0x37, 0xfe,
    0xee, 0xc0, 0x38, 0xfe, 0xf0, 0xc1, 0x34, 0xfe, 0xf2, 0xc7, 0x44, 0xfe, 0xf3, 0xd0, 0x5f, 0xfe,
    0xf6, 0xd2, 0x5e, 0xfe, 0xf9, 0xd5, 0x5f, 0xff, 0xff, 0xdf, 0x65, 0xff, 0xff, 0xe9, 0x68, 0xff,
    0xf1, 0xc4, 0x3c, 0xf6, 0x9c, 0x53, 0x0f, 0xd2, 0xa0, 0x59, 0x14, 0xe5, 0xf8, 0xc6, 0x38, 0xcc,
    0xff, 0xff, 0x50, 0x13, 0x00, 0x00, 0x00, 0x00, 0xff, 0x7f, 0x00, 0x02, 0x00, 0x00, 0x00, 0x00,
    0xff, 0xff, 0x00, 0x01, 0xff, 0x7f, 0x7f, 0x02, 0xff, 0xff, 0x55, 0x0c, 0xf9, 0xc5, 0x37, 0xcb,
    0x9a, 0x50, 0x0e, 0xe1, 0xbc, 0x7c, 0x1e, 0xdc, 0xff, 0xd8, 0x3d, 0xff, 0xff, 0xcf, 0x3a, 0xff,
    0xf7, 0xc4, 0x37, 0xfe, 0xf7, 0xc6, 0x38, 0xff, 0xf6, 0xc6, 0x38, 0xff, 0xf5, 0xc5, 0x38, 0xff,
    0xf3, 0xc3, 0x36, 0xff, 0xf1, 0xc2, 0x38, 0xff, 0xef, 0xca, 0x57, 0xff, 0xec, 0xca, 0x5e, 0xff,
    0xea, 0xc7, 0x5a, 0xff, 0xe8, 0xc6, 0x5c, 0xff, 0xe6, 0xbe, 0x47, 0xff, 0xe3, 0xb6, 0x32, 0xff,
    0xe1, 0xb6, 0x36, 0xff, 0xdf, 0xb4, 0x35, 0xff, 0xde, 0xb3, 0x35, 0xff, 0xdc, 0xb1, 0x35, 0xff,
    0xda, 0xb1, 0x36, 0xff, 0xd9, 0xaf, 0x34, 0xff, 0xd8, 0xb1, 0x3c, 0xff, 0xd7, 0xb8, 0x56, 0xff,
    0xd7, 0xb7, 0x56, 0xff, 0xd6, 0xb6, 0x54, 0xff, 0xd5, 0xae, 0x38, 0xff, 0xd5, 0xad, 0x35, 0xff,
    0xd5, 0xad, 0x36, 0xff, 0xd5, 0xad, 0x36, 0xff, 0xd6, 0xad, 0x36, 0xff, 0xd7, 0xae, 0x36, 0xff,
    0xd7, 0xae, 0x36, 0xff, 0xd8, 0xb7, 0x51, 0xff, 0xd9, 0xba, 0x56, 0xff, 0xda, 0xbb, 0x57, 0xff,
    0xdc, 0xb4, 0x3f, 0xff, 0xde, 0xb2, 0x33, 0xff, 0xdf, 0xb4, 0x36, 0xff, 0xe1, 0xb6, 0x36, 0xff,
    0xe3, 0xb7, 0x35, 0xff, 0xe5, 0xb8, 0x35, 0xff, 0xe8, 0xba, 0x35, 0xff, 0xea, 0xbc, 0x36, 0xff,
    0xec, 0xbd, 0x34, 0xff, 0xef, 0xc1, 0x3c, 0xff, 0xf1, 0xcc, 0x5a, 0xff, 0xf3, 0xcf, 0x5d, 0xff,
    0xf5, 0xd0, 0x5c, 0xff, 0xf6, 0xd1, 0x5e, 0xff, 0xf7, 0xd1, 0x5c, 0xff, 0xf7, 0xc6, 0x3e, 0xfe,
    0xff, 0xce, 0x38, 0xff, 0xff, 0xd8, 0x3e, 0xff, 0xbc, 0x7c, 0x1e, 0xdc, 0x9a, 0x50, 0x0e, 0xe1,
    0xf9, 0xc5, 0x37, 0xcb, 0xff, 0xff, 0x55, 0x0c, 0xff, 0x7f, 0x7f, 0x02, 0xff, 0xff, 0x00, 0x01,
    0xff, 0xff, 0x55, 0x03, 0x00, 0x00, 0x00, 0x00, 0xff, 0xd3, 0x3c, 0xa0, 0xa0, 0x58, 0x10, 0xe7,
    0xbe, 0x7c, 0x1c, 0xdc, 0xff, 0xdf, 0x3f, 0xff, 0xf8, 0xc5, 0x36, 0xfe, 0xf8, 0xc5, 0x38, 0xff,
    0xf7, 0xc5, 0x39, 0xff, 0xf5, 0xc4, 0x38, 0xff, 0xf4, 0xc2, 0x38, 0xff, 0xf2, 0xc1, 0x38, 0xff,
    0xef, 0xbe, 0x35, 0xff, 0xec, 0xbd, 0x38, 0xff, 0xea, 0xcc, 0x70, 0xff, 0xe7, 0xcd, 0x78, 0xff,
    0xe5, 0xc9, 0x72, 0xff, 0xe2, 0xc0, 0x58, 0xff, 0xdf, 0xbd, 0x56, 0xff, 0xdd, 0xb3, 0x3b, 0xff,
    0xdb, 0xaf, 0x33, 0xff, 0xd9, 0xae, 0x35, 0xff, 0xd7, 0xad, 0x35, 0xff, 0xd6, 0xac, 0x35, 0xff,
    0xd4, 0xab, 0x35, 0xff, 0xd3, 0xaa, 0x35, 0xff, 0xd2, 0xaa, 0x37, 0xff, 0xd1, 0xb1, 0x51, 0xff,
    0xd1, 0xb2, 0x55, 0xff, 0xd0, 0xb0, 0x52, 0xff, 0xd0, 0xa9, 0x39, 0xff, 0xd0, 0xa8, 0x35, 0xff,
    0xd0, 0xa8, 0x36, 0xff, 0xd0, 0xa8, 0x36, 0xff, 0xd0, 0xa8, 0x36, 0xff, 0xd1, 0xa8, 0x35, 0xff,
    0xd1, 0xaa, 0x3b, 0xff, 0xd2, 0xb3, 0x54, 0xff, 0xd3, 0xb4, 0x55, 0xff, 0xd4, 0xb4, 0x51, 0xff,
    0xd6, 0xac, 0x36, 0xff, 0xd7, 0xad, 0x34, 0xff, 0xd9, 0xae, 0x35, 0xff, 0xdb, 0xaf, 0x34, 0xff,
    0xdd, 0xb1, 0x34, 0xff, 0xe0, 0xb2, 0x34, 0xff, 0xe2, 0xb4, 0x34, 0xff, 0xe5, 0xb6, 0x33, 0xff,
    0xe7, 0xb8, 0x35, 0xff, 0xea, 0xc4, 0x53, 0xff, 0xec, 0xc8, 0x5b, 0xff, 0xef, 0xca, 0x59, 0xff,
    0xf2, 0xcc, 0x5c, 0xff, 0xf4, 0xcd, 0x5b, 0xff, 0xf5, 0xc5, 0x3d, 0xff, 0xf7, 0xc4, 0x34, 0xff,
    0xf8, 0xc5, 0x38, 0xff, 0xf8, 0xc5, 0x36, 0xfe, 0xff, 0xdf, 0x3f, 0xff, 0xbe, 0x7c, 0x1c, 0xdc,
    0xa0, 0x58, 0x10, 0xe7, 0xff, 0xd3, 0x3c, 0xa0, 0x00, 0x00, 0x00, 0x00, 0xff, 0xff, 0x55, 0x03,
    0x00, 0x00, 0x00, 0x00, 0xff, 0xea, 0x40, 0x4b, 0xc1, 0x7f, 0x1e, 0xf2, 0x9c, 0x53, 0x0f, 0xd2,
    0xff, 0xd4, 0x3a, 0xff, 0xf7, 0xc2, 0x35, 0xfe, 0xf8, 0xc3, 0x36, 0xff, 0xf7, 0xc1, 0x31, 0xff,
    0xf5, 0xbe, 0x2d, 0xff, 0xf3, 0xbd, 0x2e, 0xff, 0xf1, 0xbb, 0x2d, 0xff, 0xee, 0xb9, 0x2c, 0xff,
    0xeb, 0xb8, 0x31, 0xff, 0xe8, 0xb8, 0x38, 0xff, 0xe5, 0xc8, 0x72, 0xff, 0xe2, 0xc7, 0x76, 0xff,
    0xdf, 0xc4, 0x71, 0xff, 0xdc, 0xba, 0x55, 0xff, 0xda, 0xb8, 0x55, 0xff, 0xd7, 0xb3, 0x4c, 0xff,
    0xd5, 0xa9, 0x33, 0xff, 0xd3, 0xa8, 0x35, 0xff, 0xd2, 0xa7, 0x35, 0xff, 0xd0, 0xa6, 0x35, 0xff,
    0xcf, 0xa5, 0x36, 0xff, 0xce, 0xa5, 0x36, 0xff, 0xcd, 0xa4, 0x35, 0xff, 0xcc, 0xab, 0x4c, 0xff,
    0xcc, 0xae, 0x55, 0xff, 0xcb, 0xad, 0x55, 0xff, 0xcb, 0xa5, 0x3e, 0xff, 0xcb, 0xa3, 0x36, 0xff,
    0xcb, 0xa3, 0x38, 0xff, 0xcb, 0xa3, 0x38, 0xff, 0xcb, 0xa3, 0x38, 0xff, 0xcb, 0xa3, 0x35, 0xff,
    0xcc, 0xa8, 0x42, 0xff, 0xcd, 0xae, 0x55, 0xff, 0xce, 0xb0, 0x55, 0xff, 0xcf, 0xac, 0x49, 0xff,
    0xd0, 0xa6, 0x34, 0xff, 0xd2, 0xa8, 0x35, 0xff, 0xd4, 0xa8, 0x34, 0xff, 0xd5, 0xaa, 0x34, 0xff,
    0xd7, 0xab, 0x34, 0xff, 0xda, 0xad, 0x34, 0xff, 0xdc, 0xaf, 0x33, 0xff, 0xdf, 0xb0, 0x31, 0xff,
    0xe2, 0xba, 0x4b, 0xff, 0xe5, 0xc1, 0x59, 0xff, 0xe8, 0xc2, 0x55, 0xff, 0xeb, 0xc5, 0x59, 0xff,
    0xee, 0xc7, 0x58, 0xff, 0xf1, 0xbf, 0x3b, 0xff, 0xf3, 0xbe, 0x32, 0xff, 0xf5, 0xc1, 0x35, 0xff,
    0xf7, 0xc3, 0x35, 0xff, 0xf8, 0xc3, 0x36, 0xff, 0xf7, 0xc2, 0x35, 0xfe, 0xff, 0xd4, 0x3a, 0xff,
    0x9c, 0x53, 0x0e, 0xd2, 0xc1, 0x7f, 0x1e, 0xf2, 0xff, 0xea, 0x44, 0x4b, 0x00, 0x00, 0x00, 0x00,
    0xff, 0xff, 0xaa, 0x03, 0xeb, 0xb7, 0x43, 0xc0, 0x8e, 0x42, 0x08, 0xda, 0xf2, 0xb8, 0x2e, 0xf7,
    0xfd, 0xc8, 0x35, 0xff, 0xf7, 0xc1, 0x35, 0xff, 0xf7, 0xbf, 0x30, 0xff, 0xf4, 0xc6, 0x4c, 0xff,
    0xf2, 0xce, 0x68, 0xff, 0xf0, 0xca, 0x62, 0xff, 0xec, 0xc7, 0x61, 0xff, 0xe9, 0xc6, 0x63, 0xff,
    0xe6, 0xb7, 0x3d, 0xff, 0xe3, 0xb2, 0x34, 0xff, 0xe0, 0xc3, 0x72, 0xff, 0xdc, 0xc2, 0x76, 0xff,
    0xd9, 0xbf, 0x71, 0xff, 0xd7, 0xb5, 0x56, 0xff, 0xd4, 0xb2, 0x51, 0xff, 0xd2, 0xb1, 0x55, 0xff,
    0xd0, 0xa8, 0x40, 0xff, 0xce, 0xa3, 0x33, 0xff, 0xcd, 0xa3, 0x36, 0xff, 0xcb, 0xa2, 0x36, 0xff,
    0xca, 0xa2, 0x37, 0xff, 0xc9, 0xa1, 0x38, 0xff, 0xc8, 0xa0, 0x36, 0xff, 0xc7, 0xa5, 0x47, 0xff,
    0xc7, 0xaa, 0x56, 0xff, 0xc7, 0xa9, 0x55, 0xff, 0xc6, 0xa2, 0x40, 0xff, 0xc6, 0xa0, 0x39, 0xff,
    0xc6, 0xa0, 0x3a, 0xff, 0xc6, 0xa0, 0x3a, 0xff, 0xc6, 0xa0, 0x3a, 0xff, 0xc7, 0xa0, 0x37, 0xff,
    0xc7, 0xa6, 0x48, 0xff, 0xc8, 0xab, 0x56, 0xff, 0xc9, 0xab, 0x54, 0xff, 0xca, 0xa4, 0x3e, 0xff,
    0xcb, 0xa2, 0x35, 0xff, 0xcd, 0xa3, 0x36, 0xff, 0xce, 0xa4, 0x35, 0xff, 0xd0, 0xa5, 0x34, 0xff,
    0xd2, 0xa6, 0x33, 0xff, 0xd4, 0xa8, 0x34, 0xff, 0xd7, 0xa8, 0x30, 0xff, 0xd9, 0xb0, 0x43, 0xff,
    0xdc, 0xb9, 0x57, 0xff, 0xdf, 0xba, 0x53, 0xff, 0xe3, 0xbd, 0x56, 0xff, 0xe6, 0xbf, 0x54, 0xff,
    0xe9, 0xb8, 0x39, 0xff, 0xed, 0xb8, 0x30, 0xff, 0xf0, 0xbb, 0x33, 0xff, 0xf2, 0xbd, 0x33, 0xff,
    0xf4, 0xbe, 0x33, 0xff, 0xf7, 0xc0, 0x34, 0xff, 0xf7, 0xc0, 0x34, 0xff, 0xfd, 0xc8, 0x36, 0xff,
    0xf2, 0xb9, 0x30, 0xf7, 0x8e, 0x42, 0x09, 0xda, 0xeb, 0xaf, 0x2e, 0xc0, 0xff, 0xff, 0x55, 0x03,
    0xff, 0xff, 0x73, 0x40, 0xb9, 0x7c, 0x2f, 0xe2, 0xb0, 0x70, 0x27, 0xdc, 0xff, 0xd9, 0x4f, 0xff,
    0xf6, 0xbc, 0x31, 0xfe, 0xf6, 0xbe, 0x32, 0xff, 0xf4, 0xba, 0x2b, 0xff, 0xf2, 0xcc, 0x67, 0xff,
    0xef, 0xdd, 0xa2, 0xff, 0xeb, 0xd7, 0x96, 0xff, 0xe8, 0xd4, 0x95, 0xff, 0xe4, 0xd3, 0x99, 0xff,
    0xe1, 0xb6, 0x49, 0xff, 0xdd, 0xaa, 0x2d, 0xff, 0xda, 0xaf, 0x41, 0xff, 0xd7, 0xad, 0x42, 0xff,
    0xd4, 0xaa, 0x40, 0xff, 0xd1, 0xac, 0x49, 0xff, 0xcf, 0xae, 0x54, 0xff, 0xcd, 0xac, 0x52, 0xff,
    0xcb, 0xaa, 0x50, 0xff, 0xc9, 0xa1, 0x38, 0xff, 0xc8, 0x9f, 0x37, 0xff, 0xc7, 0x9f, 0x38, 0xff,
    0xc6, 0x9f, 0x39, 0xff, 0xc5, 0x9e, 0x3a, 0xff, 0xc5, 0x9e, 0x39, 0xff, 0xc4, 0xa0, 0x42, 0xff,
    0xc4, 0xa7, 0x56, 0xff, 0xc4, 0xa7, 0x57, 0xff, 0xc3, 0xa1, 0x46, 0xff, 0xc3, 0x9d, 0x3b, 0xff,
    0xc3, 0x9e, 0x3c, 0xff, 0xc3, 0x9e, 0x3c, 0xff, 0xc4, 0x9e, 0x3c, 0xff, 0xc4, 0x9e, 0x3b, 0xff,
    0xc4, 0xa5, 0x50, 0xff, 0xc5, 0xa8, 0x57, 0xff, 0xc5, 0xa6, 0x50, 0xff, 0xc6, 0x9f, 0x39, 0xff,
    0xc7, 0x9f, 0x38, 0xff, 0xc8, 0x9f, 0x37, 0xff, 0xc9, 0xa0, 0x36, 0xff, 0xcb, 0xa0, 0x35, 0xff,
    0xcd, 0xa2, 0x35, 0xff, 0xcf, 0xa2, 0x31, 0xff, 0xd1, 0xa8, 0x3c, 0xff, 0xd4, 0xb1, 0x53, 0xff,
    0xd7, 0xb3, 0x51, 0xff, 0xda, 0xb6, 0x53, 0xff, 0xdd, 0xb7, 0x52, 0xff, 0xe1, 0xb0, 0x37, 0xff,
    0xe4, 0xb0, 0x2e, 0xff, 0xe8, 0xb3, 0x32, 0xff, 0xec, 0xb6, 0x31, 0xff, 0xef, 0xb8, 0x31, 0xff,
    0xf2, 0xbb, 0x32, 0xff, 0xf4, 0xbd, 0x32, 0xff, 0xf7, 0xbe, 0x32, 0xff, 0xf6, 0xbc, 0x32, 0xfe,
    0xff, 0xd1, 0x38, 0xff, 0xb0, 0x6a, 0x16, 0xdc, 0xb9, 0x74, 0x19, 0xe2, 0xff, 0xef, 0x3f, 0x40,
    0xf9, 0xcc, 0x59, 0x97, 0x97, 0x50, 0x15, 0xde, 0xe3, 0xb0, 0x4b, 0xf1, 0xfd, 0xd5, 0x60, 0xff,
    0xf5, 0xc7, 0x52, 0xfe, 0xf4, 0xbf, 0x3c, 0xff, 0xf2, 0xb5, 0x27, 0xff, 0xef, 0xc6, 0x5f, 0xff,
    0xea, 0xd6, 0x96, 0xff, 0xe7, 0xd0, 0x8b, 0xff, 0xe3, 0xcd, 0x89, 0xff, 0xdf, 0xcb, 0x8c, 0xff,
    0xdc, 0xb1, 0x46, 0xff, 0xd8, 0xa5, 0x2b, 0xff, 0xd5, 0xa4, 0x2e, 0xff, 0xd2, 0xa2, 0x2e, 0xff,
    0xcf, 0xa0, 0x2f, 0xff, 0xcd, 0xa0, 0x34, 0xff, 0xca, 0xa8, 0x4d, 0xff, 0xc8, 0xa9, 0x53, 0xff,
    0xc7, 0xa8, 0x54, 0xff, 0xc6, 0xa3, 0x48, 0xff, 0xc5, 0x9c, 0x38, 0xff, 0xc4, 0x9c, 0x3b, 0xff,
    0xc3, 0x9c, 0x3c, 0xff, 0xc2, 0x9c, 0x3d, 0xff, 0xc2, 0x9c, 0x3d, 0xff, 0xc2, 0x9d, 0x41, 0xff,
    0xc2, 0xa4, 0x55, 0xff, 0xc2, 0xa6, 0x5a, 0xff, 0xc1, 0xa1, 0x4c, 0xff, 0xc1, 0x9b, 0x3e, 0xff,
    0xc1, 0x9c, 0x40, 0xff, 0xc1, 0x9c, 0x40, 0xff, 0xc1, 0x9c, 0x3f, 0xff, 0xc1, 0x9d, 0x41, 0xff,
    0xc2, 0xa4, 0x55, 0xff, 0xc2, 0xa6, 0x59, 0xff, 0xc3, 0xa1, 0x4b, 0xff, 0xc3, 0x9c, 0x3a, 0xff,
    0xc4, 0x9c, 0x3b, 0xff, 0xc5, 0x9d, 0x3a, 0xff, 0xc6, 0x9d, 0x38, 0xff, 0xc7, 0x9e, 0x38, 0xff,
    0xc8, 0x9d, 0x35, 0xff, 0xca, 0xa0, 0x39, 0xff, 0xcc, 0xaa, 0x51, 0xff, 0xcf, 0xac, 0x51, 0xff,
    0xd2, 0xae, 0x52, 0xff, 0xd5, 0xb0, 0x50, 0xff, 0xd8, 0xa9, 0x36, 0xff, 0xdc, 0xa8, 0x2d, 0xff,
    0xdf, 0xac, 0x30, 0xff, 0xe3, 0xae, 0x2f, 0xff, 0xe7, 0xb1, 0x30, 0xff, 0xeb, 0xb3, 0x2f, 0xff,
    0xef, 0xb6, 0x30, 0xff, 0xf2, 0xb8, 0x31, 0xff, 0xf4, 0xba, 0x30, 0xff, 0xf5, 0xbb, 0x30, 0xfe,
    0xfd, 0xc5, 0x33, 0xff, 0xe3, 0xa4, 0x29, 0xf1, 0x97, 0x4c, 0x0b, 0xde, 0xf9, 0xbe, 0x30, 0x97,
    0xda, 0xa3, 0x43, 0xc4, 0x93, 0x4a, 0x11, 0xd8, 0xfa, 0xcc, 0x58, 0xfd, 0xf8, 0xc9, 0x57, 0xff,
    0xf5, 0xc8, 0x59, 0xff, 0xf2, 0xc6, 0x5a, 0xff, 0xee, 0xba, 0x3e, 0xff, 0xea, 0xc3, 0x60, 0xff,
    0xe7, 0xd2, 0x94, 0xff, 0xe3, 0xcb, 0x89, 0xff, 0xde, 0xc8, 0x87, 0xff, 0xda, 0xc6, 0x8a, 0xff,
    0xd7, 0xac, 0x45, 0xff, 0xd3, 0xa0, 0x2c, 0xff, 0xd0, 0xa1, 0x33, 0xff, 0xcd, 0x9f, 0x33, 0xff,
    0xca, 0x9e, 0x35, 0xff, 0xc8, 0x9c, 0x34, 0xff, 0xc6, 0x9e, 0x3b, 0xff, 0xc5, 0xa5, 0x52, 0xff,
    0xc4, 0xa5, 0x54, 0xff, 0xc3, 0xa5, 0x56, 0xff, 0xc2, 0x9d, 0x43, 0xff, 0xc2, 0x9a, 0x3d, 0xff,
    0xc1, 0x9b, 0x40, 0xff, 0xc1, 0x9c, 0x40, 0xff, 0xc0, 0x9c, 0x41, 0xff, 0xc0, 0x9c, 0x42, 0xff,
    0xc0, 0xa3, 0x55, 0xff, 0xc0, 0xa5, 0x5c, 0xff, 0xc0, 0xa0, 0x4f, 0xff, 0xc0, 0x9b, 0x42, 0xff,
    0xc0, 0x9c, 0x43, 0xff, 0xc0, 0x9c, 0x44, 0xff, 0xc0, 0x9c, 0x42, 0xff, 0xc0, 0x9e, 0x49, 0xff,
    0xc0, 0xa5, 0x5a, 0xff, 0xc1, 0xa4, 0x58, 0xff, 0xc1, 0x9d, 0x45, 0xff, 0xc1, 0x9b, 0x3e, 0xff,
    0xc2, 0x9b, 0x3e, 0xff, 0xc2, 0x9b, 0x3d, 0xff, 0xc3, 0x9b, 0x3c, 0xff, 0xc4, 0x9b, 0x3a, 0xff,
    0xc5, 0x9c, 0x39, 0xff, 0xc6, 0xa5, 0x4e, 0xff, 0xc8, 0xa7, 0x53, 0xff, 0xca, 0xa9, 0x52, 0xff,
    0xcd, 0xa9, 0x4e, 0xff, 0xd0, 0xa2, 0x37, 0xff, 0xd3, 0xa1, 0x2e, 0xff, 0xd6, 0xa5, 0x30, 0xff,
    0xda, 0xa6, 0x2f, 0xff, 0xde, 0xa9, 0x2e, 0xff, 0xe3, 0xac, 0x2e, 0xff, 0xe7, 0xaf, 0x2e, 0xff,
    0xea, 0xb1, 0x2e, 0xff, 0xee, 0xb4, 0x2f, 0xff, 0xf2, 0xb7, 0x2f, 0xff, 0xf4, 0xb8, 0x2f, 0xff,
    0xf8, 0xbb, 0x30, 0xff, 0xfa, 0xbe, 0x31, 0xfd, 0x93, 0x48, 0x0a, 0xd8, 0xda, 0x96, 0x21, 0xc4,
    0xc3, 0x82, 0x2c, 0xe0, 0xa2, 0x5e, 0x1e, 0xd8, 0xff, 0xd5, 0x5f, 0xff, 0xf3, 0xc4, 0x55, 0xff,
    0xf2, 0xc3, 0x54, 0xff, 0xee, 0xc1, 0x55, 0xff, 0xeb, 0xbd, 0x51, 0xff, 0xe6, 0xc5, 0x70, 0xff,
    0xe2, 0xce, 0x92, 0xff, 0xde, 0xc8, 0x89, 0xff, 0xda, 0xc4, 0x88, 0xff, 0xd6, 0xc3, 0x8c, 0xff,
    0xd2, 0xa8, 0x46, 0xff, 0xce, 0x9c, 0x2c, 0xff, 0xcb, 0x9d, 0x34, 0xff, 0xc8, 0x9c, 0x34, 0xff,
    0xc7, 0x9b, 0x36, 0xff, 0xc5, 0x9b, 0x38, 0xff, 0xc3, 0x99, 0x38, 0xff, 0xc2, 0x9d, 0x43, 0xff,
    0xc2, 0xa4, 0x57, 0xff, 0xc1, 0xa4, 0x58, 0xff, 0xc0, 0xa2, 0x53, 0xff, 0xc0, 0x9b, 0x41, 0xff,
    0xc0, 0x9b, 0x43, 0xff, 0xc0, 0x9c, 0x44, 0xff, 0xbf, 0x9c, 0x45, 0xff, 0xbf, 0x9b, 0x44, 0xff,
    0xbf, 0xa0, 0x53, 0xff, 0xbf, 0xa6, 0x5f, 0xff, 0xbf, 0xa3, 0x57, 0xff, 0xbf, 0x9c, 0x46, 0xff,
    0xbf, 0x9d, 0x47, 0xff, 0xbf, 0x9d, 0x47, 0xff, 0xbf, 0x9c, 0x45, 0xff, 0xbf, 0xa0, 0x51, 0xff,
    0xbf, 0xa5, 0x5f, 0xff, 0xbf, 0xa2, 0x56, 0xff, 0xc0, 0x9c, 0x43, 0xff, 0xc0, 0x9b, 0x43, 0xff,
    0xc0, 0x9b, 0x42, 0xff, 0xc0, 0x9a, 0x40, 0xff, 0xc1, 0x9a, 0x3f, 0xff, 0xc2, 0x9a, 0x3c, 0xff,
    0xc3, 0xa0, 0x4d, 0xff, 0xc3, 0xa4, 0x55, 0xff, 0xc5, 0xa5, 0x54, 0xff, 0xc7, 0xa3, 0x4d, 0xff,
    0xc8, 0x9c, 0x35, 0xff, 0xcb, 0x9c, 0x31, 0xff, 0xce, 0x9e, 0x32, 0xff, 0xd2, 0xa0, 0x2f, 0xff,
    0xd6, 0xa2, 0x2e, 0xff, 0xd9, 0xa4, 0x2e, 0xff, 0xde, 0xa7, 0x2d, 0xff, 0xe3, 0xaa, 0x2d, 0xff,
    0xe6, 0xad, 0x2d, 0xff, 0xeb, 0xb0, 0x2d, 0xff, 0xef, 0xb2, 0x2e, 0xff, 0xf2, 0xb5, 0x2e, 0xff,
    0xf3, 0xb5, 0x2e, 0xff, 0xff, 0xc3, 0x30, 0xff, 0xa2, 0x57, 0x0e, 0xd8, 0xc3, 0x7f, 0x21, 0xe0,
    0xaf, 0x64, 0x10, 0xdd, 0xb7, 0x72, 0x1e, 0xe0, 0xff, 0xd0, 0x50, 0xff, 0xf0, 0xc1, 0x56, 0xfe,
    0xef, 0xc1, 0x56, 0xff, 0xeb, 0xbd, 0x52, 0xff, 0xe7, 0xb9, 0x4f, 0xff, 0xe3, 0xb9, 0x58, 0xff,
    0xdd, 0xb9, 0x60, 0xff, 0xda, 0xb3, 0x59, 0xff, 0xd5, 0xa9, 0x46, 0xff, 0xd1, 0xa5, 0x43, 0xff,
    0xcd, 0x9e, 0x36, 0xff, 0xca, 0x9a, 0x31, 0xff, 0xc8, 0x9a, 0x34, 0xff, 0xc6, 0x99, 0x36, 0xff,
    0xc4, 0x99, 0x38, 0xff, 0xc3, 0x98, 0x3a, 0xff, 0xc1, 0x99, 0x3d, 0xff, 0xc1, 0x99, 0x3d, 0xff,
    0xc0, 0x9e, 0x4c, 0xff, 0xc0, 0xa4, 0x5b, 0xff, 0xbf, 0xa4, 0x5c, 0xff, 0xbf, 0x9f, 0x4f, 0xff,
    0xbf, 0x9b, 0x45, 0xff, 0xbf, 0x9c, 0x48, 0xff, 0xbf, 0x9c, 0x49, 0xff, 0xbf, 0x9c, 0x48, 0xff,
    0xbf, 0x9f, 0x50, 0xff, 0xbf, 0xa6, 0x62, 0xff, 0xbf, 0xa3, 0x5a, 0xff, 0xbf, 0x9d, 0x4a, 0xff,
    0xbf, 0x9d, 0x4b, 0xff, 0xbf, 0x9d, 0x4b, 0xff, 0xbf, 0x9c, 0x49, 0xff, 0xbf, 0xa2, 0x59, 0xff,
    0xbf, 0xa5, 0x61, 0xff, 0xbf, 0xa0, 0x52, 0xff, 0xbf, 0x9b, 0x46, 0xff, 0xbf, 0x9c, 0x47, 0xff,
    0xbf, 0x9b, 0x45, 0xff, 0xc0, 0x9b, 0x45, 0xff, 0xc0, 0x99, 0x40, 0xff, 0xc0, 0x9f, 0x4c, 0xff,
    0xc1, 0xa3, 0x58, 0xff, 0xc2, 0xa3, 0x57, 0xff, 0xc3, 0xa1, 0x50, 0xff, 0xc4, 0x99, 0x39, 0xff,
    0xc6, 0x99, 0x35, 0xff, 0xc8, 0x9a, 0x35, 0xff, 0xca, 0x9b, 0x32, 0xff, 0xce, 0x9c, 0x30, 0xff,
    0xd1, 0x9e, 0x2f, 0xff, 0xd5, 0xa0, 0x2d, 0xff, 0xda, 0xa3, 0x2c, 0xff, 0xde, 0xa5, 0x2c, 0xff,
    0xe3, 0xa9, 0x2c, 0xff, 0xe7, 0xab, 0x2c, 0xff, 0xeb, 0xae, 0x2c, 0xff, 0xef, 0xb0, 0x2a, 0xff,
    0xf0, 0xb0, 0x29, 0xfe, 0xff, 0xc9, 0x3f, 0xff, 0xb7, 0x74, 0x23, 0xe0, 0xaf, 0x6d, 0x28, 0xdd,
    0xb1, 0x67, 0x14, 0xdd, 0xb5, 0x6c, 0x14, 0xe0, 0xff, 0xbf, 0x2d, 0xff, 0xed, 0xb1, 0x35, 0xfe,
    0xec, 0xb9, 0x48, 0xff, 0xe8, 0xba, 0x53, 0xff, 0xe3, 0xb7, 0x53, 0xff, 0xde, 0xb2, 0x4e, 0xff,
    0xda, 0xae, 0x4a, 0xff, 0xd5, 0xab, 0x4c, 0xff, 0xd1, 0xa7, 0x48, 0xff, 0xcd, 0x9e, 0x38, 0xff,
    0xca, 0x98, 0x2f, 0xff, 0xc7, 0x98, 0x33, 0xff, 0xc5, 0x98, 0x36, 0xff, 0xc3, 0x98, 0x39, 0xff,
    0xc2, 0x97, 0x3b, 0xff, 0xc1, 0x98, 0x3e, 0xff, 0xc0, 0x98, 0x40, 0xff, 0xc0, 0x99, 0x43, 0xff,
    0xbf, 0x99, 0x43, 0xff, 0xbf, 0xa0, 0x55, 0xff, 0xbf, 0xa4, 0x5f, 0xff, 0xbf, 0xa3, 0x5d, 0xff,
    0xbf, 0x9d, 0x4d, 0xff, 0xbf, 0x9c, 0x4a, 0xff, 0xbf, 0x9c, 0x4c, 0xff, 0xbf, 0x9d, 0x4c, 0xff,
    0xbf, 0x9e, 0x50, 0xff, 0xbf, 0xa5, 0x62, 0xff, 0xc0, 0xa4, 0x5f, 0xff, 0xc0, 0x9e, 0x4e, 0xff,
    0xc0, 0x9d, 0x4e, 0xff, 0xc0, 0x9d, 0x4e, 0xff, 0xc0, 0x9d, 0x4e, 0xff, 0xbf, 0xa4, 0x5f, 0xff,
    0xc0, 0xa5, 0x60, 0xff, 0xbf, 0x9d, 0x4e, 0xff, 0xbf, 0x9c, 0x4b, 0xff, 0xbf, 0x9c, 0x4a, 0xff,
    0xbf, 0x9c, 0x49, 0xff, 0xbf, 0x9a, 0x46, 0xff, 0xbf, 0x9d, 0x4d, 0xff, 0xbf, 0xa3, 0x5b, 0xff,
    0xc0, 0xa3, 0x5b, 0xff, 0xc0, 0xa0, 0x53, 0xff, 0xc1, 0x98, 0x3e, 0xff, 0xc2, 0x97, 0x3a, 0xff,
    0xc3, 0x98, 0x39, 0xff, 0xc5, 0x97, 0x36, 0xff, 0xc7, 0x98, 0x33, 0xff, 0xca, 0x99, 0x31, 0xff,
    0xcd, 0x9a, 0x2f, 0xff, 0xd1, 0x9c, 0x2e, 0xff, 0xd5, 0x9f, 0x2c, 0xff, 0xd9, 0xa1, 0x2c, 0xff,
    0xdf, 0xa4, 0x2b, 0xff, 0xe3, 0xa6, 0x28, 0xff, 0xe8, 0xaa, 0x29, 0xff, 0xec, 0xb1, 0x35, 0xff,
    0xed, 0xb9, 0x47, 0xfe, 0xff, 0xd2, 0x5d, 0xff, 0xb6, 0x75, 0x2b, 0xe0, 0xb1, 0x6e, 0x26, 0xdd,
    0xb0, 0x65, 0x12, 0xdd, 0xb5, 0x6b, 0x14, 0xe0, 0xff, 0xbc, 0x2e, 0xff, 0xeb, 0xa9, 0x27, 0xfe,
    0xe9, 0xa9, 0x28, 0xff, 0xe4, 0xaa, 0x32, 0xff, 0xdf, 0xac, 0x40, 0xff, 0xda, 0xae, 0x4d, 0xff,
    0xd6, 0xac, 0x50, 0xff, 0xd1, 0xa8, 0x4e, 0xff, 0xcd, 0xa6, 0x4f, 0xff, 0xca, 0xa5, 0x52, 0xff,
    0xc7, 0x9f, 0x48, 0xff, 0xc4, 0x98, 0x39, 0xff, 0xc2, 0x95, 0x37, 0xff, 0xc1, 0x97, 0x3b, 0xff,
    0xc0, 0x97, 0x3e, 0xff, 0xc0, 0x98, 0x41, 0xff, 0xc0, 0x99, 0x43, 0xff, 0xbf, 0x9a, 0x46, 0xff,
    0xbf, 0x9a, 0x47, 0xff, 0xbf, 0x9b, 0x4a, 0xff, 0xbf, 0xa2, 0x5c, 0xff, 0xc0, 0xa5, 0x62, 0xff,
    0xc0, 0xa1, 0x5a, 0xff, 0xc0, 0x9c, 0x4c, 0xff, 0xc0, 0x9d, 0x4e, 0xff, 0xc0, 0x9d, 0x4f, 0xff,
    0xc0, 0x9e, 0x50, 0xff, 0xc0, 0xa5, 0x61, 0xff, 0xc0, 0xa6, 0x63, 0xff, 0xc0, 0x9e, 0x51, 0xff,
    0xc0, 0x9e, 0x50, 0xff, 0xc0, 0x9e, 0x4f, 0xff, 0xc0, 0x9f, 0x54, 0xff, 0xc0, 0xa7, 0x65, 0xff,
    0xc0, 0xa3, 0x5d, 0xff, 0xc0, 0x9d, 0x4d, 0xff, 0xc0, 0x9d, 0x4e, 0xff, 0xc0, 0x9c, 0x4d, 0xff,
    0xbf, 0x9b, 0x4b, 0xff, 0xbf, 0x9c, 0x4e, 0xff, 0xbf, 0xa3, 0x5d, 0xff, 0xbf, 0xa3, 0x5f, 0xff,
    0xbf, 0xa1, 0x57, 0xff, 0xbf, 0x99, 0x44, 0xff, 0xc0, 0x97, 0x40, 0xff, 0xc0, 0x97, 0x3e, 0xff,
    0xc1, 0x96, 0x3b, 0xff, 0xc3, 0x96, 0x38, 0xff, 0xc4, 0x96, 0x36, 0xff, 0xc7, 0x97, 0x33, 0xff,
    0xca, 0x97, 0x30, 0xff, 0xcd, 0x99, 0x2f, 0xff, 0xd0, 0x9b, 0x2c, 0xff, 0xd5, 0x9c, 0x28, 0xff,
    0xdb, 0xa0, 0x2a, 0xff, 0xe0, 0xa8, 0x36, 0xff, 0xe4, 0xb1, 0x45, 0xff, 0xe9, 0xb9, 0x52, 0xff,
    0xea, 0xba, 0x52, 0xfe, 0xff, 0xce, 0x59, 0xff, 0xb5, 0x72, 0x27, 0xe0, 0xb0, 0x6d, 0x24, 0xdd,
    0xaf, 0x64, 0x12, 0xdd, 0xb3, 0x68, 0x13, 0xe0, 0xfc, 0xb8, 0x2c, 0xff, 0xe8, 0xa6, 0x28, 0xfe,
    0xe6, 0xa5, 0x29, 0xff, 0xe1, 0xa3, 0x2a, 0xff, 0xdc, 0x9f, 0x2a, 0xff, 0xd7, 0xa0, 0x31, 0xff,
    0xd1, 0xa2, 0x40, 0xff, 0xcd, 0xa5, 0x4d, 0xff, 0xca, 0xa3, 0x4f, 0xff, 0xc6, 0xa1, 0x4f, 0xff,
    0xc4, 0xa1, 0x52, 0xff, 0xc3, 0xa0, 0x53, 0xff, 0xc1, 0x9b, 0x48, 0xff, 0xc0, 0x96, 0x3e, 0xff,
    0xc0, 0x96, 0x40, 0xff, 0xbf, 0x98, 0x44, 0xff, 0xbf, 0x99, 0x46, 0xff, 0xbf, 0x9a, 0x48, 0xff,
    0xbf, 0x9b, 0x4a, 0xff, 0xc0, 0x9b, 0x4b, 0xff, 0xc0, 0x9d, 0x50, 0xff, 0xc0, 0xa4, 0x61, 0xff,
    0xc0, 0xa5, 0x64, 0xff, 0xc0, 0x9f, 0x55, 0xff, 0xc0, 0x9d, 0x4f, 0xff, 0xc0, 0x9e, 0x51, 0xff,
    0xc0, 0x9d, 0x50, 0xff, 0xc0, 0xa3, 0x5e, 0xff, 0xc0, 0xa6, 0x66, 0xff, 0xc0, 0x9f, 0x54, 0xff,
    0xc0, 0x9e, 0x52, 0xff, 0xc0, 0x9d, 0x51, 0xff, 0xc0, 0xa1, 0x5a, 0xff, 0xc0, 0xa7, 0x67, 0xff,
    0xc0, 0xa1, 0x58, 0xff, 0xc0, 0x9d, 0x4f, 0xff, 0xc0, 0x9d, 0x50, 0xff, 0xc0, 0x9d, 0x4f, 0xff,
    0xc0, 0x9d, 0x4f, 0xff, 0xc0, 0xa3, 0x5e, 0xff, 0xc0, 0xa4, 0x62, 0xff, 0xbf, 0xa1, 0x5b, 0xff,
    0xbf, 0x9a, 0x49, 0xff, 0xbf, 0x99, 0x46, 0xff, 0xbf, 0x98, 0x44, 0xff, 0xc0, 0x97, 0x41, 0xff,
    0xc0, 0x96, 0x3e, 0xff, 0xc1, 0x96, 0x3b, 0xff, 0xc2, 0x95, 0x38, 0xff, 0xc4, 0x95, 0x35, 0xff,
    0xc7, 0x95, 0x32, 0xff, 0xca, 0x95, 0x2d, 0xff, 0xce, 0x98, 0x2d, 0xff, 0xd2, 0x9f, 0x37, 0xff,
    0xd6, 0xa9, 0x47, 0xff, 0xdb, 0xaf, 0x4f, 0xff, 0xe1, 0xb2, 0x4f, 0xff, 0xe6, 0xb5, 0x4e, 0xff,
    0xe8, 0xb5, 0x4d, 0xfe, 0xfc, 0xcb, 0x59, 0xff, 0xb2, 0x71, 0x28, 0xe0, 0xb0, 0x6c, 0x26, 0xdd,
    0xaf, 0x63, 0x11, 0xdd, 0xb2, 0x67, 0x13, 0xe0, 0xf9, 0xb4, 0x2b, 0xff, 0xe5, 0xa2, 0x25, 0xfe,
    0xe3, 0xa3, 0x2b, 0xff, 0xde, 0xb2, 0x58, 0xff, 0xd8, 0xb1, 0x5e, 0xff, 0xd3, 0xa6, 0x4c, 0xff,
    0xce, 0x95, 0x27, 0xff, 0xca, 0x97, 0x33, 0xff, 0xc7, 0x9c, 0x43, 0xff, 0xc4, 0x9f, 0x50, 0xff,
    0xc3, 0xa0, 0x53, 0xff, 0xc1, 0x9f, 0x55, 0xff, 0xc0, 0xa0, 0x58, 0xff, 0xbf, 0x9e, 0x54, 0xff,
    0xbf, 0x99, 0x48, 0xff, 0xbf, 0x98, 0x45, 0xff, 0xbf, 0x99, 0x49, 0xff, 0xc0, 0x9b, 0x4b, 0xff,
    0xc0, 0x9b, 0x4c, 0xff, 0xc0, 0x9c, 0x4e, 0xff, 0xc0, 0x9c, 0x4e, 0xff, 0xc0, 0xa0, 0x56, 0xff,
    0xc0, 0xa6, 0x65, 0xff, 0xc0, 0xa5, 0x61, 0xff, 0xc0, 0x9e, 0x52, 0xff, 0xc0, 0x9e, 0x53, 0xff,
    0xc0, 0x9d, 0x52, 0xff, 0xc1, 0xa1, 0x5a, 0xff, 0xc1, 0xa8, 0x68, 0xff, 0xc1, 0xa1, 0x58, 0xff,
    0xc1, 0x9f, 0x52, 0xff, 0xc1, 0x9e, 0x52, 0xff, 0xc1, 0xa3, 0x5f, 0xff, 0xc1, 0xa6, 0x65, 0xff,
    0xc0, 0x9e, 0x54, 0xff, 0xc0, 0x9e, 0x52, 0xff, 0xc0, 0x9d, 0x52, 0xff, 0xc0, 0x9d, 0x50, 0xff,
    0xc0, 0xa2, 0x5d, 0xff, 0xc0, 0xa6, 0x66, 0xff, 0xc0, 0xa2, 0x5e, 0xff, 0xc0, 0x9c, 0x4d, 0xff,
    0xc0, 0x9a, 0x4b, 0xff, 0xbf, 0x99, 0x4a, 0xff, 0xbf, 0x98, 0x46, 0xff, 0xbf, 0x98, 0x44, 0xff,
    0xc0, 0x96, 0x42, 0xff, 0xc0, 0x95, 0x3e, 0xff, 0xc1, 0x94, 0x3a, 0xff, 0xc2, 0x93, 0x35, 0xff,
    0xc4, 0x94, 0x34, 0xff, 0xc7, 0x99, 0x3c, 0xff, 0xca, 0xa0, 0x48, 0xff, 0xce, 0xa5, 0x4e, 0xff,
    0xd3, 0xa8, 0x4d, 0xff, 0xd8, 0xaa, 0x4b, 0xff, 0xdd, 0xae, 0x4c, 0xff, 0xe3, 0xb2, 0x4f, 0xff,
    0xe5, 0xb4, 0x50, 0xfe, 0xf9, 0xc5, 0x53, 0xff, 0xb2, 0x6e, 0x23, 0xe0, 0xaf, 0x64, 0x14, 0xdd,
    0xaf, 0x62, 0x11, 0xdd, 0xb1, 0x66, 0x12, 0xe0, 0xf7, 0xb1, 0x2a, 0xff, 0xe2, 0x9e, 0x23, 0xfe,
    0xe0, 0xa0, 0x2a, 0xff, 0xda, 0xb1, 0x5e, 0xff, 0xd5, 0xb0, 0x65, 0xff, 0xd0, 0xa6, 0x53, 0xff,
    0xcb, 0x94, 0x2a, 0xff, 0xc8, 0x92, 0x2e, 0xff, 0xc5, 0x92, 0x31, 0xff, 0xc3, 0x94, 0x3a, 0xff,
    0xc1, 0x99, 0x47, 0xff, 0xc0, 0x9e, 0x54, 0xff, 0xbf, 0xa0, 0x5a, 0xff, 0xbf, 0xa1, 0x5c, 0xff,
    0xbf, 0xa1, 0x5d, 0xff, 0xbf, 0x9e, 0x55, 0xff, 0xc0, 0x9a, 0x4c, 0xff, 0xc0, 0x9a, 0x4c, 0xff,
    0xc0, 0x9b, 0x4f, 0xff, 0xc0, 0x9c, 0x50, 0xff, 0xc0, 0x9d, 0x52, 0xff, 0xc0, 0x9c, 0x50, 0xff,
    0xc1, 0xa1, 0x5b, 0xff, 0xc1, 0xa7, 0x68, 0xff, 0xc1, 0xa2, 0x5c, 0xff, 0xc1, 0x9e, 0x52, 0xff,
    0xc1, 0x9e, 0x53, 0xff, 0xc1, 0xa0, 0x57, 0xff, 0xc1, 0xa7, 0x68, 0xff, 0xc1, 0xa0, 0x58, 0xff,
    0xc1, 0x9e, 0x53, 0xff, 0xc1, 0x9e, 0x54, 0xff, 0xc1, 0xa6, 0x64, 0xff, 0xc1, 0xa3, 0x5f, 0xff,
    0xc1, 0x9d, 0x52, 0xff, 0xc1, 0x9e, 0x54, 0xff, 0xc1, 0x9d, 0x52, 0xff, 0xc1, 0xa1, 0x5b, 0xff,
    0xc1, 0xa6, 0x67, 0xff, 0xc0, 0xa3, 0x60, 0xff, 0xc0, 0x9d, 0x50, 0xff, 0xc0, 0x9b, 0x4e, 0xff,
    0xc0, 0x9b, 0x4e, 0xff, 0xc0, 0x9a, 0x4b, 0xff, 0xbf, 0x98, 0x49, 0xff, 0xbf, 0x98, 0x47, 0xff,
    0xbf, 0x97, 0x44, 0xff, 0xbf, 0x95, 0x3f, 0xff, 0xc0, 0x95, 0x3f, 0xff, 0xc1, 0x98, 0x46, 0xff,
    0xc2, 0x9d, 0x4d, 0xff, 0xc5, 0xa0, 0x51, 0xff, 0xc8, 0xa1, 0x4d, 0xff, 0xcb, 0xa1, 0x4c, 0xff,
    0xd0, 0xa5, 0x4d, 0xff, 0xd5, 0xa8, 0x4d, 0xff, 0xda, 0xaa, 0x4a, 0xff, 0xe0, 0xa9, 0x41, 0xff,
    0xe2, 0xa5, 0x34, 0xfe, 0xf7, 0xb2, 0x2d, 0xff, 0xb1, 0x65, 0x11, 0xe0, 0xaf, 0x60, 0x10, 0xdd,
    0xad, 0x5f, 0x10, 0xdd, 0xb0, 0x64, 0x12, 0xe0, 0xf4, 0xad, 0x28, 0xff, 0xe0, 0x9b, 0x23, 0xfe,
    0xdd, 0x9c, 0x28, 0xff, 0xd7, 0xa7, 0x4c, 0xff, 0xd2, 0xa6, 0x51, 0xff, 0xcd, 0x9e, 0x45, 0xff,
    0xc9, 0x91, 0x2b, 0xff, 0xc6, 0x91, 0x31, 0xff, 0xc3, 0x91, 0x34, 0xff, 0xc1, 0x91, 0x37, 0xff,
    0xc0, 0x92, 0x3a, 0xff, 0xc0, 0x95, 0x41, 0xff, 0xbf, 0x9b, 0x4f, 0xff, 0xbf, 0xa0, 0x5a, 0xff,
    0xc0, 0xa2, 0x60, 0xff, 0xc0, 0xa3, 0x62, 0xff, 0xc0, 0xa2, 0x5f, 0xff, 0xc0, 0x9d, 0x54, 0xff,
    0xc0, 0x9b, 0x4f, 0xff, 0xc1, 0x9d, 0x51, 0xff, 0xc1, 0x9d, 0x53, 0xff, 0xc1, 0x9d, 0x53, 0xff,
    0xc1, 0x9d, 0x52, 0xff, 0xc1, 0xa3, 0x60, 0xff, 0xc1, 0xa7, 0x68, 0xff, 0xc1, 0x9f, 0x56, 0xff,
    0xc1, 0x9e, 0x53, 0xff, 0xc1, 0x9e, 0x55, 0xff, 0xc1, 0xa6, 0x66, 0xff, 0xc1, 0xa2, 0x5d, 0xff,
    0xc1, 0x9d, 0x52, 0xff, 0xc1, 0x9f, 0x56, 0xff, 0xc1, 0xa7, 0x68, 0xff, 0xc1, 0xa0, 0x5a, 0xff,
    0xc1, 0x9e, 0x53, 0xff, 0xc1, 0x9d, 0x52, 0xff, 0xc1, 0xa0, 0x59, 0xff, 0xc1, 0xa7, 0x68, 0xff,
    0xc1, 0xa4, 0x62, 0xff, 0xc1, 0x9d, 0x53, 0xff, 0xc1, 0x9d, 0x51, 0xff, 0xc0, 0x9c, 0x50, 0xff,
    0xc0, 0x9b, 0x4f, 0xff, 0xc0, 0x9a, 0x4e, 0xff, 0xc0, 0x99, 0x4b, 0xff, 0xbf, 0x97, 0x48, 0xff,
    0xbf, 0x97, 0x48, 0xff, 0xbf, 0x9b, 0x4e, 0xff, 0xc0, 0x9e, 0x56, 0xff, 0xc0, 0x9f, 0x57, 0xff,
    0xc2, 0x9e, 0x53, 0xff, 0xc3, 0x9e, 0x51, 0xff, 0xc6, 0x9f, 0x4f, 0xff, 0xc9, 0x9f, 0x4b, 0xff,
    0xcd, 0x9d, 0x41, 0xff, 0xd2, 0x9b, 0x35, 0xff, 0xd7, 0x99, 0x2a, 0xff, 0xdd, 0x9a, 0x23, 0xff,
    0xe0, 0x9a, 0x21, 0xfe, 0xf4, 0xad, 0x26, 0xff, 0xb0, 0x64, 0x12, 0xe0, 0xad, 0x5f, 0x10, 0xdd,
    0xad, 0x5e, 0x0f, 0xdd, 0xae, 0x63, 0x11, 0xe0, 0xf1, 0xa9, 0x26, 0xff, 0xdd, 0x98, 0x23, 0xfe,
    0xda, 0x97, 0x24, 0xff, 0xd4, 0x94, 0x24, 0xff, 0xcf, 0x91, 0x25, 0xff, 0xcb, 0x90, 0x29, 0xff,
    0xc7, 0x90, 0x2e, 0xff, 0xc4, 0x90, 0x31, 0xff, 0xc2, 0x90, 0x36, 0xff, 0xc0, 0x91, 0x3a, 0xff,
    0xc0, 0x93, 0x3f, 0xff, 0xbf, 0x94, 0x41, 0xff, 0xbf, 0x95, 0x43, 0xff, 0xbf, 0x98, 0x4a, 0xff,
    0xc0, 0x9d, 0x56, 0xff, 0xc0, 0xa2, 0x60, 0xff, 0xc0, 0xa4, 0x64, 0xff, 0xc1, 0xa5, 0x65, 0xff,
    0xc1, 0xa2, 0x5e, 0xff, 0xc1, 0x9d, 0x53, 0xff, 0xc1, 0x9c, 0x51, 0xff, 0xc1, 0x9d, 0x53, 0xff,
    0xc1, 0x9d, 0x53, 0xff, 0xc1, 0x9d, 0x54, 0xff, 0xc1, 0xa5, 0x65, 0xff, 0xc1, 0xa4, 0x63, 0xff,
    0xc1, 0x9d, 0x53, 0xff, 0xc1, 0x9d, 0x53, 0xff, 0xc1, 0xa4, 0x63, 0xff, 0xc1, 0xa3, 0x5f, 0xff,
    0xc1, 0x9d, 0x51, 0xff, 0xc1, 0xa1, 0x5b, 0xff, 0xc1, 0xa5, 0x66, 0xff, 0xc1, 0x9e, 0x55, 0xff,
    0xc1, 0x9d, 0x53, 0xff, 0xc1, 0x9e, 0x56, 0xff, 0xc1, 0xa6, 0x67, 0xff, 0xc1, 0xa4, 0x63, 0xff,
    0xc1, 0x9d, 0x54, 0xff, 0xc1, 0x9d, 0x52, 0xff, 0xc1, 0x9c, 0x52, 0xff, 0xc1, 0x9c, 0x52, 0xff,
    0xc0, 0x9b, 0x50, 0xff, 0xc0, 0x9a, 0x4e, 0xff, 0xc0, 0x9a, 0x4f, 0xff, 0xc0, 0x9d, 0x55, 0xff,
    0xc0, 0xa0, 0x5c, 0xff, 0xbf, 0xa0, 0x5d, 0xff, 0xbf, 0x9f, 0x5b, 0xff, 0xc0, 0x9e, 0x57, 0xff,
    0xc0, 0x9c, 0x52, 0xff, 0xc2, 0x99, 0x49, 0xff, 0xc4, 0x95, 0x3d, 0xff, 0xc7, 0x92, 0x31, 0xff,
    0xcb, 0x90, 0x29, 0xff, 0xcf, 0x91, 0x26, 0xff, 0xd4, 0x94, 0x25, 0xff, 0xda, 0x98, 0x25, 0xff,
    0xdd, 0x99, 0x24, 0xfe, 0xf2, 0xa9, 0x27, 0xff, 0xae, 0x63, 0x11, 0xe0, 0xad, 0x5e, 0x0f, 0xdd,
    0xab, 0x5d, 0x0f, 0xdd, 0xae, 0x60, 0x11, 0xe0, 0xef, 0xa6, 0x26, 0xff, 0xdb, 0x95, 0x22, 0xfe,
    0xd8, 0x95, 0x24, 0xff, 0xd2, 0x92, 0x26, 0xff, 0xcd, 0x91, 0x29, 0xff, 0xc9, 0x8f, 0x2b, 0xff,
    0xc5, 0x8f, 0x2f, 0xff, 0xc3, 0x8f, 0x33, 0xff, 0xc1, 0x90, 0x37, 0xff, 0xc0, 0x91, 0x3c, 0xff,
    0xbf, 0x93, 0x40, 0xff, 0xbf, 0x94, 0x44, 0xff, 0xbf, 0x96, 0x47, 0xff, 0xc0, 0x97, 0x4a, 0xff,
    0xc0, 0x98, 0x4b, 0xff, 0xc0, 0x9a, 0x4f, 0xff, 0xc1, 0x9e, 0x57, 0xff, 0xc1, 0xa3, 0x61, 0xff,
    0xc1, 0xa6, 0x68, 0xff, 0xc1, 0xa5, 0x65, 0xff, 0xc1, 0x9f, 0x59, 0xff, 0xc1, 0x9c, 0x52, 0xff,
    0xc1, 0x9c, 0x53, 0xff, 0xc1, 0x9d, 0x53, 0xff, 0xc1, 0x9e, 0x57, 0xff, 0xc1, 0xa5, 0x67, 0xff,
    0xc1, 0xa0, 0x5b, 0xff, 0xc1, 0x9c, 0x51, 0xff, 0xc1, 0xa2, 0x5e, 0xff, 0xc1, 0xa3, 0x60, 0xff,
    0xc1, 0x9c, 0x51, 0xff, 0xc1, 0xa3, 0x60, 0xff, 0xc1, 0xa2, 0x60, 0xff, 0xc1, 0x9c, 0x52, 0xff,
    0xc1, 0x9d, 0x54, 0xff, 0xc1, 0xa5, 0x65, 0xff, 0xc1, 0xa4, 0x64, 0xff, 0xc1, 0x9d, 0x54, 0xff,
    0xc1, 0x9c, 0x53, 0xff, 0xc1, 0x9d, 0x53, 0xff, 0xc1, 0x9c, 0x52, 0xff, 0xc1, 0x9b, 0x50, 0xff,
    0xc1, 0x9d, 0x54, 0xff, 0xc1, 0xa0, 0x5c, 0xff, 0xc0, 0xa3, 0x62, 0xff, 0xc0, 0xa3, 0x63, 0xff,
    0xc0, 0xa2, 0x61, 0xff, 0xbf, 0x9f, 0x5b, 0xff, 0xbf, 0x9b, 0x54, 0xff, 0xbf, 0x97, 0x49, 0xff,
    0xc0, 0x92, 0x3e, 0xff, 0xc1, 0x8f, 0x36, 0xff, 0xc3, 0x8e, 0x31, 0xff, 0xc5, 0x8e, 0x2e, 0xff,
    0xc9, 0x8f, 0x2c, 0xff, 0xcd, 0x91, 0x29, 0xff, 0xd2, 0x92, 0x26, 0xff, 0xd8, 0x95, 0x24, 0xff,
    0xdb, 0x95, 0x22, 0xfe, 0xef, 0xa6, 0x26, 0xff, 0xae, 0x60, 0x11, 0xe0, 0xab, 0x5d, 0x0f, 0xdd,
    0xab, 0x5c, 0x0d, 0xdd, 0xad, 0x5f, 0x0f, 0xe0, 0xed, 0xa3, 0x24, 0xff, 0xd9, 0x93, 0x22, 0xfe,
    0xd6, 0x93, 0x24, 0xff, 0xd0, 0x90, 0x26, 0xff, 0xcc, 0x8e, 0x29, 0xff, 0xc7, 0x8e, 0x2c, 0xff,
    0xc4, 0x8d, 0x30, 0xff, 0xc2, 0x8e, 0x34, 0xff, 0xc0, 0x8f, 0x39, 0xff, 0xc0, 0x91, 0x3e, 0xff,
    0xbf, 0x93, 0x41, 0xff, 0xbf, 0x94, 0x45, 0xff, 0xc0, 0x96, 0x48, 0xff, 0xc0, 0x98, 0x4b, 0xff,
    0xc0, 0x99, 0x4e, 0xff, 0xc0, 0x9a, 0x4f, 0xff, 0xc1, 0x9a, 0x4f, 0xff, 0xc1, 0x9b, 0x51, 0xff,
    0xc1, 0x9e, 0x59, 0xff, 0xc1, 0xa3, 0x63, 0xff, 0xc1, 0xa5, 0x69, 0xff, 0xc1, 0xa2, 0x62, 0xff,
    0xc1, 0x9d, 0x55, 0xff, 0xc1, 0x9b, 0x52, 0xff, 0xc1, 0x9b, 0x52, 0xff, 0xc1, 0x9f, 0x5a, 0xff,
    0xc1, 0xa4, 0x66, 0xff, 0xc1, 0x9c, 0x53, 0xff, 0xc1, 0x9f, 0x59, 0xff, 0xc1, 0xa3, 0x62, 0xff,
    0xc1, 0x9b, 0x51, 0xff, 0xc1, 0xa3, 0x62, 0xff, 0xc1, 0x9f, 0x58, 0xff, 0xc1, 0x9b, 0x51, 0xff,
    0xc1, 0xa3, 0x62, 0xff, 0xc1, 0xa2, 0x61, 0xff, 0xc1, 0x9c, 0x54, 0xff, 0xc1, 0x9c, 0x53, 0xff,
    0xc1, 0x9b, 0x52, 0xff, 0xc1, 0x9b, 0x51, 0xff, 0xc1, 0x9d, 0x55, 0xff, 0xc1, 0xa1, 0x5e, 0xff,
    0xc1, 0xa4, 0x65, 0xff, 0xc1, 0xa5, 0x67, 0xff, 0xc1, 0xa2, 0x62, 0xff, 0xc0, 0x9f, 0x5b, 0xff,
    0xc0, 0x9b, 0x53, 0xff, 0xc0, 0x97, 0x4b, 0xff, 0xbf, 0x93, 0x44, 0xff, 0xbf, 0x92, 0x40, 0xff,
    0xc0, 0x91, 0x3d, 0xff, 0xc0, 0x8f, 0x39, 0xff, 0xc2, 0x8e, 0x34, 0xff, 0xc4, 0x8d, 0x30, 0xff,
    0xc7, 0x8d, 0x2c, 0xff, 0xcc, 0x8e, 0x28, 0xff, 0xd0, 0x8f, 0x25, 0xff, 0xd6, 0x92, 0x24, 0xff,
    0xd9, 0x93, 0x22, 0xfe, 0xed, 0xa3, 0x24, 0xff, 0xad, 0x5f, 0x0f, 0xe0, 0xab, 0x5c, 0x0f, 0xdd,
    0xaa, 0x5c, 0x10, 0xdd, 0xab, 0x5e, 0x11, 0xe0, 0xeb, 0xa0, 0x23, 0xff, 0xd7, 0x8f, 0x1f, 0xfe,
    0xd4, 0x8e, 0x20, 0xff, 0xcf, 0x8c, 0x22, 0xff, 0xca, 0x8c, 0x26, 0xff, 0xc6, 0x8b, 0x2a, 0xff,
    0xc3, 0x8c, 0x2f, 0xff, 0xc1, 0x8d, 0x34, 0xff, 0xc0, 0x8f, 0x3a, 0xff, 0xbf, 0x91, 0x3f, 0xff,
    0xbf, 0x92, 0x43, 0xff, 0xbf, 0x94, 0x46, 0xff, 0xc0, 0x96, 0x4a, 0xff, 0xc0, 0x97, 0x4c, 0xff,
    0xc0, 0x99, 0x4e, 0xff, 0xc1, 0x9a, 0x50, 0xff, 0xc1, 0x9a, 0x51, 0xff, 0xc1, 0x9a, 0x52, 0xff,
    0xc1, 0x9a, 0x51, 0xff, 0xc1, 0x9b, 0x52, 0xff, 0xc1, 0x9e, 0x5a, 0xff, 0xc1, 0xa3, 0x63, 0xff,
    0xc1, 0xa4, 0x66, 0xff, 0xc1, 0x9f, 0x5c, 0xff, 0xc1, 0x9b, 0x53, 0xff, 0xc1, 0x99, 0x50, 0xff,
    0xc1, 0xa0, 0x5e, 0xff, 0xc1, 0xa1, 0x5e, 0xff, 0xc1, 0x9c, 0x54, 0xff, 0xc1, 0xa1, 0x5f, 0xff,
    0xc1, 0x9c, 0x55, 0xff, 0xc1, 0xa1, 0x61, 0xff, 0xc1, 0x9a, 0x51, 0xff, 0xc1, 0xa0, 0x5e, 0xff,
    0xc1, 0xa1, 0x60, 0xff, 0xc1, 0x9a, 0x52, 0xff, 0xc1, 0x9a, 0x51, 0xff, 0xc1, 0x9b, 0x52, 0xff,
    0xc1, 0x9d, 0x57, 0xff, 0xc1, 0xa1, 0x5f, 0xff, 0xc1, 0xa4, 0x66, 0xff, 0xc1, 0xa5, 0x66, 0xff,
    0xc1, 0xa1, 0x60, 0xff, 0xc1, 0x9d, 0x58, 0xff, 0xc1, 0x9b, 0x52, 0xff, 0xc0, 0x98, 0x4e, 0xff,
    0xc0, 0x96, 0x4b, 0xff, 0xc0, 0x96, 0x49, 0xff, 0xbf, 0x94, 0x46, 0xff, 0xbf, 0x92, 0x43, 0xff,
    0xbf, 0x91, 0x3e, 0xff, 0xc0, 0x8f, 0x3a, 0xff, 0xc1, 0x8d, 0x35, 0xff, 0xc3, 0x8c, 0x30, 0xff,
    0xc6, 0x8c, 0x2c, 0xff, 0xca, 0x8d, 0x28, 0xff, 0xcf, 0x8e, 0x25, 0xff, 0xd4, 0x90, 0x23, 0xff,
    0xd7, 0x90, 0x20, 0xfe, 0xeb, 0xa0, 0x23, 0xff, 0xab, 0x5e, 0x0e, 0xe0, 0xaa, 0x5b, 0x0d, 0xdd,
    0xaa, 0x63, 0x20, 0xdd, 0xab, 0x66, 0x22, 0xe0, 0xea, 0xae, 0x45, 0xff, 0xd6, 0x9b, 0x3b, 0xfe,
    0xd3, 0x97, 0x36, 0xff, 0xce, 0x94, 0x36, 0xff, 0xc8, 0x90, 0x33, 0xff, 0xc5, 0x8e, 0x34, 0xff,
    0xc2, 0x8c, 0x34, 0xff, 0xbf, 0x8c, 0x38, 0xff, 0xbe, 0x8d, 0x3a, 0xff, 0xbd, 0x8e, 0x3e, 0xff,
    0xbd, 0x90, 0x42, 0xff, 0xbe, 0x92, 0x45, 0xff, 0xbe, 0x94, 0x49, 0xff, 0xbe, 0x95, 0x4c, 0xff,
    0xbf, 0x96, 0x4e, 0xff, 0xbf, 0x98, 0x4f, 0xff, 0xc0, 0x99, 0x51, 0xff, 0xc1, 0x9a, 0x52, 0xff,
    0xc1, 0x9a, 0x52, 0xff, 0xc1, 0x9b, 0x53, 0xff, 0xc1, 0x9a, 0x51, 0xff, 0xc1, 0x9a, 0x51, 0xff,
    0xc0, 0x9c, 0x57, 0xff, 0xbf, 0xa0, 0x62, 0xff, 0xbf, 0xa1, 0x62, 0xff, 0xbf, 0x9b, 0x57, 0xff,
    0xbf, 0x98, 0x50, 0xff, 0xbf, 0x9f, 0x5f, 0xff, 0xc0, 0x9c, 0x58, 0xff, 0xc1, 0x9f, 0x5c, 0xff,
    0xc1, 0x9e, 0x5b, 0xff, 0xc0, 0x9d, 0x59, 0xff, 0xbf, 0x9c, 0x58, 0xff, 0xbf, 0x9f, 0x5f, 0xff,
    0xbf, 0x98, 0x4f, 0xff, 0xbf, 0x99, 0x51, 0xff, 0xbf, 0x9c, 0x58, 0xff, 0xc0, 0xa1, 0x62, 0xff,
    0xc1, 0xa3, 0x66, 0xff, 0xc0, 0xa1, 0x62, 0xff, 0xbf, 0x9d, 0x5b, 0xff, 0xbf, 0x9a, 0x54, 0xff,
    0xbf, 0x98, 0x51, 0xff, 0xbf, 0x98, 0x50, 0xff, 0xbf, 0x98, 0x4f, 0xff, 0xbf, 0x97, 0x4f, 0xff,
    0xbf, 0x97, 0x4d, 0xff, 0xbf, 0x95, 0x4a, 0xff, 0xbe, 0x92, 0x47, 0xff, 0xbc, 0x90, 0x44, 0xff,
    0xbc, 0x8e, 0x40, 0xff, 0xbd, 0x8c, 0x3b, 0xff, 0xbe, 0x8b, 0x36, 0xff, 0xc1, 0x8a, 0x31, 0xff,
    0xc5, 0x8b, 0x2c, 0xff, 0xc9, 0x8a, 0x28, 0xff, 0xce, 0x8b, 0x25, 0xff, 0xd3, 0x8d, 0x22, 0xff,
    0xd6, 0x8e, 0x20, 0xfe, 0xea, 0x9d, 0x22, 0xff, 0xab, 0x5d, 0x0e, 0xe0, 0xaa, 0x5a, 0x0d, 0xdd,
    0xa9, 0x62, 0x1f, 0xdd, 0xaa, 0x65, 0x22, 0xe0, 0xe9, 0xb1, 0x4d, 0xff, 0xd5, 0x9f, 0x46, 0xfe,
    0xd1, 0x9f, 0x48, 0xff, 0xcc, 0x9c, 0x49, 0xff, 0xc8, 0x9a, 0x4a, 0xff, 0xc4, 0x99, 0x4c, 0xff,
    0xc1, 0x97, 0x4c, 0xff, 0xc7, 0x9c, 0x50, 0xff, 0xc8, 0x9e, 0x4f, 0xff, 0xc7, 0x9e, 0x52, 0xff,
    0xc7, 0x9d, 0x51, 0xff, 0xc8, 0x9e, 0x52, 0xff, 0xc8, 0x9e, 0x52, 0xff, 0xc8, 0x9f, 0x53, 0xff,
    0xc8, 0x9e, 0x52, 0xff, 0xc7, 0x9d, 0x51, 0xff, 0xc3, 0x9a, 0x51, 0xff, 0xbf, 0x97, 0x50, 0xff,
    0xbe, 0x97, 0x50, 0xff, 0xc0, 0x98, 0x50, 0xff, 0xc1, 0x99, 0x51, 0xff, 0xbf, 0x98, 0x51, 0xff,
    0xc6, 0x9c, 0x51, 0xff, 0xca, 0x9f, 0x51, 0xff, 0xc9, 0xa2, 0x57, 0xff, 0xc9, 0xa6, 0x60, 0xff,
    0xc9, 0xa3, 0x5b, 0xff, 0xc9, 0xa0, 0x54, 0xff, 0xc6, 0xa2, 0x5c, 0xff, 0xbe, 0x9c, 0x5a, 0xff,
    0xbf, 0x9d, 0x5b, 0xff, 0xc7, 0xa2, 0x5a, 0xff, 0xca, 0xa5, 0x5c, 0xff, 0xc9, 0x9f, 0x51, 0xff,
    0xc9, 0xa2, 0x58, 0xff, 0xc9, 0xa6, 0x60, 0xff, 0xc9, 0xa6, 0x61, 0xff, 0xc6, 0xa2, 0x5b, 0xff,
    0xbd, 0x99, 0x54, 0xff, 0xc2, 0x9a, 0x51, 0xff, 0xc9, 0x9f, 0x50, 0xff, 0xc9, 0x9f, 0x51, 0xff,
    0xc9, 0x9f, 0x51, 0xff, 0xc9, 0x9e, 0x51, 0xff, 0xc9, 0x9e, 0x50, 0xff, 0xc7, 0x9c, 0x4f, 0xff,
    0xc0, 0x97, 0x4d, 0xff, 0xc5, 0x98, 0x4a, 0xff, 0xc9, 0x9a, 0x47, 0xff, 0xca, 0x98, 0x43, 0xff,
    0xca, 0x96, 0x3e, 0xff, 0xca, 0x94, 0x3a, 0xff, 0xc9, 0x91, 0x34, 0xff, 0xc5, 0x8c, 0x30, 0xff,
    0xc1, 0x87, 0x2c, 0xff, 0xc6, 0x88, 0x28, 0xff, 0xcc, 0x8a, 0x25, 0xff, 0xd1, 0x8c, 0x22, 0xff,
    0xd5, 0x8c, 0x1f, 0xfe, 0xe9, 0x9c, 0x21, 0xff, 0xaa, 0x5c, 0x0e, 0xe0, 0xa9, 0x58, 0x0c, 0xdd,
    0xa9, 0x60, 0x1f, 0xdd, 0xaa, 0x65, 0x22, 0xe0, 0xe8, 0xaf, 0x4b, 0xff, 0xd4, 0x9d, 0x44, 0xfe,
    0xd1, 0x9c, 0x45, 0xff, 0xcc, 0x99, 0x46, 0xff, 0xc7, 0x98, 0x48, 0xff, 0xc4, 0x97, 0x4b, 0xff,
    0xc5, 0x9a, 0x4d, 0xff, 0x9d, 0x80, 0x4e, 0xff, 0x8c, 0x76, 0x51, 0xff, 0x8c, 0x78, 0x54, 0xff,
    0x8b, 0x77, 0x56, 0xff, 0x8b, 0x78, 0x57, 0xff, 0x8b, 0x79, 0x58, 0xff, 0x8b, 0x79, 0x5a, 0xff,
    0x8e, 0x7b, 0x59, 0xff, 0x98, 0x83, 0x5a, 0xff, 0xad, 0x90, 0x5a, 0xff, 0xc0, 0x9e, 0x5c, 0xff,
    0xc5, 0xa1, 0x5a, 0xff, 0xbd, 0x9b, 0x59, 0xff, 0xbd, 0x99, 0x57, 0xff, 0xc7, 0x9f, 0x56, 0xff,
    0xa7, 0x87, 0x50, 0xff, 0x8d, 0x75, 0x4e, 0xff, 0x8e, 0x75, 0x4c, 0xff, 0x8d, 0x74, 0x4d, 0xff,
    0x8c, 0x77, 0x54, 0xff, 0x8a, 0x76, 0x55, 0xff, 0x9b, 0x80, 0x52, 0xff, 0xbe, 0x9b, 0x59, 0xff,
    0xc0, 0x9e, 0x5b, 0xff, 0x9e, 0x84, 0x55, 0xff, 0x8d, 0x76, 0x50, 0xff, 0x8e, 0x79, 0x56, 0xff,
    0x8d, 0x79, 0x57, 0xff, 0x8c, 0x76, 0x51, 0xff, 0x8a, 0x72, 0x4c, 0xff, 0x9b, 0x7c, 0x4a, 0xff,
    0xc3, 0x99, 0x4d, 0xff, 0xb2, 0x8d, 0x4d, 0xff, 0x90, 0x76, 0x4e, 0xff, 0x8d, 0x75, 0x4e, 0xff,
    0x8d, 0x75, 0x4d, 0xff, 0x8d, 0x74, 0x4c, 0xff, 0x8a, 0x72, 0x4c, 0xff, 0x94, 0x77, 0x4a, 0xff,
    0xb1, 0x8b, 0x49, 0xff, 0x9e, 0x7d, 0x47, 0xff, 0x81, 0x69, 0x47, 0xff, 0x6d, 0x5b, 0x45, 0xff,
    0x62, 0x53, 0x44, 0xff, 0x64, 0x53, 0x41, 0xff, 0x76, 0x5d, 0x3c, 0xff, 0x9f, 0x73, 0x32, 0xff,
    0xc3, 0x86, 0x28, 0xff, 0xc3, 0x85, 0x25, 0xff, 0xc7, 0x85, 0x22, 0xff, 0xd0, 0x88, 0x1f, 0xff,
    0xd4, 0x88, 0x1c, 0xfe, 0xe8, 0x98, 0x1d, 0xff, 0xaa, 0x5b, 0x0d, 0xe0, 0xa9, 0x57, 0x0b, 0xdd,
    0xa9, 0x5f, 0x1e, 0xdd, 0xaa, 0x64, 0x1f, 0xe0, 0xe7, 0xac, 0x47, 0xff, 0xd4, 0x9a, 0x41, 0xfe,
    0xd1, 0x99, 0x42, 0xff, 0xcc, 0x97, 0x43, 0xff, 0xc6, 0x95, 0x45, 0xff, 0xca, 0x9a, 0x48, 0xff,
    0x62, 0x54, 0x49, 0xff, 0x01, 0x0f, 0x45, 0xff, 0x00, 0x09, 0x3f, 0xff, 0x00, 0x08, 0x3e, 0xff,
    0x00, 0x08, 0x3e, 0xff, 0x00, 0x08, 0x3e, 0xff, 0x00, 0x08, 0x3e, 0xff, 0x00, 0x08, 0x3e, 0xff,
    0x00, 0x09, 0x3f, 0xff, 0x04, 0x0f, 0x41, 0xff, 0x13, 0x1d, 0x46, 0xff, 0x37, 0x3b, 0x4f, 0xff,
    0x77, 0x6a, 0x56, 0xff, 0xb3, 0x95, 0x5b, 0xff, 0xc3, 0xa2, 0x60, 0xff, 0x80, 0x70, 0x58, 0xff,
    0x0a, 0x16, 0x46, 0xff, 0x00, 0x0a, 0x40, 0xff, 0x00, 0x08, 0x3f, 0xff, 0x00, 0x08, 0x3f, 0xff,
    0x00, 0x07, 0x3d, 0xff, 0x00, 0x09, 0x3f, 0xff, 0x03, 0x10, 0x45, 0xff, 0x6b, 0x5e, 0x4f, 0xff,
    0x6b, 0x60, 0x51, 0xff, 0x03, 0x10, 0x45, 0xff, 0x00, 0x09, 0x3f, 0xff, 0x00, 0x08, 0x3f, 0xff,
    0x00, 0x07, 0x3d, 0xff, 0x00, 0x08, 0x3e, 0xff, 0x00, 0x09, 0x40, 0xff, 0x06, 0x14, 0x46, 0xff,
    0x5b, 0x4f, 0x47, 0xff, 0x2b, 0x2f, 0x47, 0xff, 0x00, 0x0a, 0x42, 0xff, 0x00, 0x08, 0x3e, 0xff,
    0x00, 0x08, 0x3f, 0xff, 0x00, 0x08, 0x3f, 0xff, 0x00, 0x07, 0x3e, 0xff, 0x04, 0x13, 0x45, 0xff,
    0x1c, 0x25, 0x47, 0xff, 0x08, 0x13, 0x42, 0xff, 0x00, 0x07, 0x3f, 0xff, 0x00, 0x04, 0x3d, 0xff,
    0x00, 0x02, 0x3d, 0xff, 0x00, 0x03, 0x3e, 0xff, 0x00, 0x06, 0x3f, 0xff, 0x09, 0x16, 0x45, 0xff,
    0x47, 0x3c, 0x3b, 0xff, 0xa9, 0x75, 0x29, 0xff, 0xc2, 0x85, 0x28, 0xff, 0xc9, 0x88, 0x28, 0xff,
    0xd2, 0x8b, 0x26, 0xfe, 0xe7, 0x9c, 0x2a, 0xff, 0xaa, 0x5c, 0x12, 0xe0, 0xa9, 0x5a, 0x10, 0xdd,
    0xa9, 0x56, 0x0c, 0xdd, 0xaa, 0x59, 0x0e, 0xe0, 0xe8, 0x97, 0x21, 0xff, 0xd4, 0x88, 0x1f, 0xfe,
    0xd1, 0x88, 0x21, 0xff, 0xcb, 0x86, 0x24, 0xff, 0xcb, 0x88, 0x28, 0xff, 0xb2, 0x7c, 0x2e, 0xff,
    0x0d, 0x18, 0x44, 0xff, 0x06, 0x18, 0x4a, 0xff, 0x1d, 0x3d, 0x66, 0xff, 0x1c, 0x3e, 0x67, 0xff,
    0x1c, 0x3e, 0x67, 0xff, 0x1c, 0x3e, 0x67, 0xff, 0x1c, 0x3e, 0x67, 0xff, 0x1c, 0x3e, 0x67, 0xff,
    0x1b, 0x3c, 0x66, 0xff, 0x14, 0x31, 0x5d, 0xff, 0x08, 0x1a, 0x4b, 0xff, 0x00, 0x05, 0x3c, 0xff,
    0x00, 0x0a, 0x41, 0xff, 0x30, 0x32, 0x47, 0xff, 0xa0, 0x7e, 0x45, 0xff, 0x32, 0x32, 0x45, 0xff,
    0x00, 0x0c, 0x45, 0xff, 0x1b, 0x37, 0x60, 0xff, 0x1d, 0x3f, 0x68, 0xff, 0x1c, 0x3d, 0x66, 0xff,
    0x1d, 0x3f, 0x68, 0xff, 0x1b, 0x3a, 0x63, 0xff, 0x05, 0x15, 0x47, 0xff, 0x0d, 0x19, 0x46, 0xff,
    0x0c, 0x18, 0x45, 0xff, 0x06, 0x15, 0x47, 0xff, 0x1c, 0x3c, 0x65, 0xff, 0x1c, 0x3e, 0x67, 0xff,
    0x1c, 0x3d, 0x67, 0xff, 0x1d, 0x3f, 0x68, 0xff, 0x1a, 0x39, 0x63, 0xff, 0x08, 0x17, 0x47, 0xff,
    0x00, 0x10, 0x46, 0xff, 0x02, 0x10, 0x43, 0xff, 0x12, 0x29, 0x56, 0xff, 0x1e, 0x41, 0x69, 0xff,
    0x1c, 0x3d, 0x66, 0xff, 0x1c, 0x3d, 0x67, 0xff, 0x1d, 0x3f, 0x68, 0xff, 0x0b, 0x1c, 0x4b, 0xff,
    0x00, 0x0d, 0x41, 0xff, 0x0f, 0x26, 0x55, 0xff, 0x1f, 0x44, 0x6c, 0xff, 0x29, 0x58, 0x7d, 0xff,
    0x2e, 0x61, 0x84, 0xff, 0x2d, 0x61, 0x84, 0xff, 0x21, 0x4a, 0x70, 0xff, 0x09, 0x1a, 0x4a, 0xff,
    0x00, 0x08, 0x44, 0xff, 0x25, 0x2a, 0x46, 0xff, 0xa2, 0x79, 0x3a, 0xff, 0xbf, 0x8d, 0x3e, 0xff,
    0xca, 0x94, 0x41, 0xfe, 0xe5, 0xab, 0x4b, 0xff, 0xa9, 0x63, 0x22, 0xe0, 0xa9, 0x60, 0x1f, 0xdd,
    0xa9, 0x55, 0x0a, 0xdd, 0xaa, 0x58, 0x0c, 0xe0, 0xe8, 0x93, 0x1c, 0xff, 0xd4, 0x85, 0x1b, 0xfe,
    0xd1, 0x85, 0x1d, 0xff, 0xca, 0x83, 0x21, 0xff, 0xd0, 0x88, 0x23, 0xff, 0x92, 0x67, 0x31, 0xff,
    0x02, 0x0c, 0x41, 0xff, 0x18, 0x39, 0x62, 0xff, 0x52, 0xb5, 0xcd, 0xff, 0x51, 0xb1, 0xcb, 0xff,
    0x51, 0xb2, 0xcb, 0xff, 0x51, 0xb2, 0xcb, 0xff, 0x51, 0xb2, 0xcb, 0xff, 0x51, 0xb2, 0xcb, 0xff,
    0x50, 0xb1, 0xca, 0xff, 0x4e, 0xac, 0xc6, 0xff, 0x47, 0x9d, 0xb9, 0xff, 0x33, 0x72, 0x93, 0xff,
    0x11, 0x27, 0x53, 0xff, 0x00, 0x07, 0x41, 0xff, 0x24, 0x2a, 0x45, 0xff, 0x23, 0x28, 0x45, 0xff,
    0x02, 0x0e, 0x42, 0xff, 0x41, 0x8e, 0xab, 0xff, 0x55, 0xba, 0xd2, 0xff, 0x50, 0xaf, 0xc9, 0xff,
    0x53, 0xb7, 0xcf, 0xff, 0x46, 0x9d, 0xb9, 0xff, 0x0a, 0x1b, 0x4a, 0xff, 0x08, 0x16, 0x46, 0xff,
    0x04, 0x0e, 0x3f, 0xff, 0x1d, 0x45, 0x6d, 0xff, 0x53, 0xb8, 0xd0, 0xff, 0x51, 0xb1, 0xca, 0xff,
    0x50, 0xb1, 0xca, 0xff, 0x53, 0xb6, 0xce, 0xff, 0x48, 0xa0, 0xbc, 0xff, 0x0b, 0x1c, 0x4b, 0xff,
    0x0a, 0x17, 0x46, 0xff, 0x06, 0x11, 0x41, 0xff, 0x3a, 0x82, 0xa2, 0xff, 0x55, 0xbb, 0xd3, 0xff,
    0x4f, 0xaf, 0xc8, 0xff, 0x54, 0xb8, 0xd0, 0xff, 0x43, 0x95, 0xb2, 0xff, 0x08, 0x18, 0x47, 0xff,
    0x34, 0x75, 0x97, 0xff, 0x4d, 0xaa, 0xc4, 0xff, 0x51, 0xb1, 0xca, 0xff, 0x52, 0xb4, 0xcd, 0xff,
    0x53, 0xb6, 0xce, 0xff, 0x53, 0xb6, 0xce, 0xff, 0x52, 0xb5, 0xcd, 0xff, 0x44, 0x97, 0xb4, 0xff,
    0x17, 0x32, 0x5b, 0xff, 0x00, 0x08, 0x43, 0xff, 0x42, 0x3b, 0x3e, 0xff, 0xb1, 0x7f, 0x33, 0xff,
    0xbe, 0x89, 0x3a, 0xfe, 0xe1, 0xa5, 0x45, 0xff, 0xa9, 0x61, 0x1f, 0xe0, 0xa9, 0x5f, 0x1e, 0xdd,
    0xa9, 0x55, 0x0a, 0xdd, 0xab, 0x57, 0x0b, 0xe0, 0xe9, 0x93, 0x1b, 0xff, 0xd5, 0x84, 0x1a, 0xfe,
    0xd2, 0x84, 0x1c, 0xff, 0xca, 0x81, 0x20, 0xff, 0xd3, 0x89, 0x21, 0xff, 0x6e, 0x52, 0x36, 0xff,
    0x00, 0x05, 0x40, 0xff, 0x26, 0x53, 0x78, 0xff, 0x50, 0xaf, 0xc9, 0xff, 0x4a, 0xa3, 0xbe, 0xff,
    0x4b, 0xa5, 0xc0, 0xff, 0x4b, 0xa4, 0xbf, 0xff, 0x4b, 0xa3, 0xbe, 0xff, 0x4a, 0xa3, 0xbe, 0xff,
    0x4a, 0xa3, 0xbe, 0xff, 0x4c, 0xa6, 0xc1, 0xff, 0x4d, 0xaa, 0xc4, 0xff, 0x51, 0xb2, 0xcb, 0xff,
    0x46, 0x9d, 0xb9, 0xff, 0x16, 0x30, 0x5a, 0xff, 0x02, 0x0e, 0x41, 0xff, 0x08, 0x18, 0x49, 0xff,
    0x05, 0x0f, 0x40, 0xff, 0x39, 0x80, 0xa0, 0xff, 0x4f, 0xad, 0xc7, 0xff, 0x4a, 0xa2, 0xbd, 0xff,
    0x4e, 0xaa, 0xc5, 0xff, 0x3e, 0x8d, 0xab, 0xff, 0x07, 0x16, 0x47, 0xff, 0x09, 0x17, 0x47, 0xff,
    0x06, 0x11, 0x41, 0xff, 0x3a, 0x82, 0xa2, 0xff, 0x4f, 0xad, 0xc7, 0xff, 0x4a, 0xa3, 0xbe, 0xff,
    0x4b, 0xa4, 0xbf, 0xff, 0x4d, 0xa9, 0xc3, 0xff, 0x43, 0x96, 0xb3, 0xff, 0x0b, 0x1d, 0x4c, 0xff,
    0x06, 0x11, 0x41, 0xff, 0x0f, 0x26, 0x54, 0xff, 0x49, 0xa1, 0xbd, 0xff, 0x4c, 0xa7, 0xc1, 0xff,
    0x4a, 0xa2, 0xbe, 0xff, 0x50, 0xb0, 0xca, 0xff, 0x1d, 0x47, 0x70, 0xff, 0x0b, 0x1c, 0x4b, 0xff,
    0x4d, 0xa8, 0xc3, 0xff, 0x4d, 0xa9, 0xc3, 0xff, 0x4c, 0xa7, 0xc2, 0xff, 0x4b, 0xa7, 0xc2, 0xff,
    0x4a, 0xa3, 0xbe, 0xff, 0x4b, 0xa4, 0xbf, 0xff, 0x4a, 0xa3, 0xbe, 0xff, 0x51, 0xb1, 0xca, 0xff,
    0x41, 0x8f, 0xae, 0xff, 0x08, 0x17, 0x47, 0xff, 0x0c, 0x18, 0x44, 0xff, 0x88, 0x63, 0x30, 0xff,
    0xb4, 0x81, 0x36, 0xfe, 0xda, 0xa1, 0x46, 0xff, 0xa8, 0x61, 0x21, 0xe0, 0xaa, 0x5f, 0x1f, 0xdd,
    0xaa, 0x54, 0x09, 0xdd, 0xab, 0x57, 0x0b, 0xe0, 0xea, 0x91, 0x19, 0xff, 0xd6, 0x83, 0x18, 0xfe,
    0xd3, 0x83, 0x1b, 0xff, 0xcc, 0x80, 0x1e, 0xff, 0xd1, 0x85, 0x1f, 0xff, 0x48, 0x3c, 0x3c, 0xff,
    0x00, 0x04, 0x3e, 0xff, 0x2f, 0x82, 0xad, 0xff, 0x47, 0xce, 0xf2, 0xff, 0x42, 0xc0, 0xeb, 0xff,
    0x43, 0xc2, 0xee, 0xff, 0x44, 0xc6, 0xf1, 0xff, 0x46, 0xcb, 0xf6, 0xff, 0x46, 0xcc, 0xf7, 0xff,
    0x46, 0xce, 0xf9, 0xff, 0x43, 0xc3, 0xee, 0xff, 0x43, 0xc2, 0xed, 0xff, 0x41, 0xbf, 0xea, 0xff,
    0x47, 0xcc, 0xf4, 0xff, 0x39, 0xaa, 0xd7, 0xff, 0x09, 0x1a, 0x4a, 0xff, 0x09, 0x17, 0x47, 0xff,
    0x05, 0x0e, 0x3e, 0xff, 0x32, 0x91, 0xbe, 0xff, 0x46, 0xcc, 0xf1, 0xff, 0x42, 0xbf, 0xea, 0xff,
    0x46, 0xcb, 0xf1, 0xff, 0x36, 0x9d, 0xc9, 0xff, 0x07, 0x14, 0x44, 0xff, 0x06, 0x0e, 0x3e, 0xff,
    0x15, 0x3f, 0x6e, 0xff, 0x44, 0xc8, 0xef, 0xff, 0x43, 0xc2, 0xed, 0xff, 0x43, 0xc2, 0xee, 0xff,
    0x43, 0xc2, 0xed, 0xff, 0x44, 0xc7, 0xf0, 0xff, 0x3d, 0xb0, 0xdc, 0xff, 0x0b, 0x20, 0x4f, 0xff,
    0x03, 0x08, 0x38, 0xff, 0x20, 0x5e, 0x8c, 0xff, 0x47, 0xce, 0xf1, 0xff, 0x42, 0xbf, 0xea, 0xff,
    0x45, 0xc8, 0xef, 0xff, 0x3c, 0xac, 0xd7, 0xff, 0x05, 0x0e, 0x3d, 0xff, 0x1a, 0x4d, 0x7c, 0xff,
    0x49, 0xd7, 0xfc, 0xff, 0x43, 0xc3, 0xef, 0xff, 0x40, 0xb9, 0xe4, 0xff, 0x40, 0xba, 0xe5, 0xff,
    0x45, 0xc9, 0xf4, 0xff, 0x43, 0xc3, 0xee, 0xff, 0x43, 0xc3, 0xee, 0xff, 0x42, 0xc0, 0xeb, 0xff,
    0x46, 0xca, 0xf1, 0xff, 0x18, 0x42, 0x70, 0xff, 0x00, 0x0a, 0x3f, 0xff, 0x65, 0x46, 0x26, 0xff,
    0xa9, 0x6d, 0x1d, 0xfe, 0xd1, 0x8d, 0x2d, 0xff, 0xa7, 0x5c, 0x19, 0xe0, 0xaa, 0x5c, 0x18, 0xdd,
    0xaa, 0x54, 0x09, 0xdd, 0xad, 0x56, 0x0a, 0xe0, 0xec, 0x90, 0x17, 0xff, 0xd8, 0x82, 0x16, 0xfe,
    0xd4, 0x82, 0x19, 0xff, 0xd0, 0x80, 0x1c, 0xff, 0xc6, 0x7d, 0x1f, 0xff, 0x26, 0x26, 0x40, 0xff,
    0x01, 0x0f, 0x45, 0xff, 0x35, 0xa7, 0xd9, 0xff, 0x40, 0xd2, 0xff, 0xff, 0x3d, 0xc6, 0xfb, 0xff,
    0x41, 0xd2, 0xff, 0xff, 0x2f, 0x98, 0xcc, 0xff, 0x13, 0x3e, 0x6f, 0xff, 0x19, 0x4f, 0x80, 0xff,
    0x27, 0x7f, 0xb2, 0xff, 0x3e, 0xca, 0xfe, 0xff, 0x3e, 0xcb, 0xff, 0xff, 0x3e, 0xca, 0xff, 0xff,
    0x3c, 0xc7, 0xfc, 0xff, 0x42, 0xd5, 0xff, 0xff, 0x1b, 0x53, 0x84, 0xff, 0x05, 0x0d, 0x3d, 0xff,
    0x06, 0x0f, 0x3f, 0xff, 0x2d, 0x92, 0xc5, 0xff, 0x41, 0xd4, 0xff, 0xff, 0x3d, 0xc6, 0xfa, 0xff,
    0x41, 0xd4, 0xff, 0xff, 0x30, 0x9c, 0xcf, 0xff, 0x06, 0x11, 0x40, 0xff, 0x05, 0x0d, 0x3d, 0xff,
    0x2c, 0x8c, 0xbf, 0xff, 0x41, 0xd5, 0xff, 0xff, 0x3d, 0xc7, 0xfc, 0xff, 0x3e, 0xcb, 0xff, 0xff,
    0x3e, 0xc9, 0xfe, 0xff, 0x3f, 0xce, 0xff, 0xff, 0x38, 0xb8, 0xec, 0xff, 0x0b, 0x1f, 0x4f, 0xff,
    0x05, 0x0d, 0x3d, 0xff, 0x30, 0x9b, 0xce, 0xff, 0x41, 0xd3, 0xff, 0xff, 0x3c, 0xc5, 0xfa, 0xff,
    0x42, 0xd6, 0xff, 0xff, 0x20, 0x68, 0x9a, 0xff, 0x02, 0x02, 0x2f, 0xff, 0x20, 0x62, 0x93, 0xff,
    0x26, 0x7b, 0xaa, 0xff, 0x12, 0x3a, 0x6b, 0xff, 0x0d, 0x2a, 0x5b, 0xff, 0x0a, 0x21, 0x52, 0xff,
    0x25, 0x78, 0xab, 0xff, 0x40, 0xd2, 0xff, 0xff, 0x3d, 0xc8, 0xfd, 0xff, 0x3d, 0xc8, 0xfd, 0xff,
    0x41, 0xd3, 0xff, 0xff, 0x1c, 0x54, 0x84, 0xff, 0x00, 0x08, 0x3e, 0xff, 0x57, 0x3a, 0x22, 0xff,
    0x9f, 0x5c, 0x0a, 0xfe, 0xca, 0x7a, 0x12, 0xff, 0xa5, 0x51, 0x07, 0xe0, 0xaa, 0x54, 0x08, 0xdd,
    0xaa, 0x53, 0x08, 0xdd, 0xad, 0x56, 0x0a, 0xe0, 0xec, 0x8e, 0x16, 0xff, 0xd8, 0x81, 0x15, 0xfe,
    0xd4, 0x80, 0x17, 0xff, 0xd5, 0x82, 0x19, 0xff, 0xaf, 0x70, 0x22, 0xff, 0x0c, 0x15, 0x41, 0xff,
    0x0b, 0x25, 0x57, 0xff, 0x39, 0xb9, 0xf1, 0xff, 0x3c, 0xc4, 0xfd, 0xff, 0x3a, 0xbe, 0xf6, 0xff,
    0x3f, 0xce, 0xff, 0xff, 0x1e, 0x5f, 0x92, 0xff, 0x02, 0x00, 0x2f, 0xff, 0x03, 0x0e, 0x41, 0xff,
    0x02, 0x02, 0x31, 0xff, 0x21, 0x69, 0x9c, 0xff, 0x3e, 0xcc, 0xff, 0xff, 0x3b, 0xc0, 0xf8, 0xff,
    0x3a, 0xbf, 0xf7, 0xff, 0x3f, 0xcd, 0xfe, 0xff, 0x26, 0x7b, 0xb0, 0xff, 0x05, 0x0c, 0x3c, 0xff,
    0x06, 0x0f, 0x3f, 0xff, 0x2a, 0x87, 0xbd, 0xff, 0x3e, 0xcd, 0xfe, 0xff, 0x3a, 0xbd, 0xf5, 0xff,
    0x3e, 0xcc, 0xfe, 0xff, 0x2c, 0x90, 0xc5, 0xff, 0x03, 0x07, 0x36, 0xff, 0x11, 0x33, 0x64, 0xff,
    0x3b, 0xc2, 0xf8, 0xff, 0x3c, 0xc2, 0xfb, 0xff, 0x3b, 0xc1, 0xf9, 0xff, 0x39, 0xbb, 0xf3, 0xff,
    0x3b, 0xc1, 0xfa, 0xff, 0x3c, 0xc6, 0xfe, 0xff, 0x37, 0xb3, 0xeb, 0xff, 0x09, 0x19, 0x49, 0xff,
    0x0e, 0x2b, 0x5c, 0xff, 0x3a, 0xbf, 0xf7, 0xff, 0x3b, 0xc2, 0xfb, 0xff, 0x3c, 0xc5, 0xfc, 0xff,
    0x37, 0xb3, 0xeb, 0xff, 0x0b, 0x1f, 0x4f, 0xff, 0x07, 0x13, 0x44, 0xff, 0x06, 0x16, 0x49, 0xff,
    0x03, 0x09, 0x3b, 0xff, 0x06, 0x0d, 0x3d, 0xff, 0x09, 0x16, 0x46, 0xff, 0x03, 0x06, 0x35, 0xff,
    0x13, 0x3b, 0x6d, 0xff, 0x3e, 0xcb, 0xff, 0xff, 0x3b, 0xc0, 0xf8, 0xff, 0x3b, 0xc0, 0xf8, 0xff,
    0x3d, 0xc8, 0xfe, 0xff, 0x16, 0x42, 0x73, 0xff, 0x01, 0x0b, 0x3f, 0xff, 0x5b, 0x3b, 0x1e, 0xff,
    0x9a, 0x59, 0x0b, 0xfe, 0xc7, 0x78, 0x14, 0xff, 0xa3, 0x51, 0x09, 0xe0, 0xab, 0x54, 0x08, 0xdd,
    0xaa, 0x51, 0x08, 0xdd, 0xad, 0x55, 0x09, 0xe0, 0xed, 0x8d, 0x16, 0xff, 0xd8, 0x7f, 0x15, 0xfe,
    0xd3, 0x7e, 0x17, 0xff, 0xda, 0x83, 0x17, 0xff, 0x8f, 0x5e, 0x29, 0xff, 0x00, 0x09, 0x3f, 0xff,
    0x16, 0x41, 0x73, 0xff, 0x3b, 0xc3, 0xfe, 0xff, 0x38, 0xbb, 0xf8, 0xff, 0x38, 0xbb, 0xf8, 0xff,
    0x3a, 0xc3, 0xfe, 0xff, 0x14, 0x40, 0x73, 0xff, 0x06, 0x10, 0x3f, 0xff, 0x2a, 0x2d, 0x3f, 0xff,
    0x0a, 0x13, 0x40, 0xff, 0x0e, 0x2d, 0x60, 0xff, 0x38, 0xbc, 0xf9, 0xff, 0x39, 0xbd, 0xfa, 0xff,
    0x38, 0xba, 0xf7, 0xff, 0x3c, 0xc6, 0xff, 0xff, 0x29, 0x87, 0xc0, 0xff, 0x06, 0x0f, 0x3f, 0xff,
    0x06, 0x0e, 0x3d, 0xff, 0x27, 0x7f, 0xb7, 0xff, 0x3c, 0xc8, 0xff, 0xff, 0x38, 0xb8, 0xf5, 0xff,
    0x3c, 0xc7, 0xff, 0xff, 0x29, 0x85, 0xbe, 0xff, 0x02, 0x01, 0x30, 0xff, 0x25, 0x79, 0xb1, 0xff,
    0x3c, 0xc8, 0xff, 0xff, 0x39, 0xbe, 0xfb, 0xff, 0x33, 0xaa, 0xe6, 0xff, 0x30, 0x9e, 0xd8, 0xff,
    0x3a, 0xc2, 0xfe, 0xff, 0x3a, 0xbf, 0xfc, 0xff, 0x35, 0xb1, 0xed, 0xff, 0x07, 0x13, 0x43, 0xff,
    0x1d, 0x5d, 0x92, 0xff, 0x3c, 0xc9, 0xff, 0xff, 0x37, 0xb7, 0xf4, 0xff, 0x3c, 0xc9, 0xff, 0xff,
    0x21, 0x6c, 0xa2, 0xff, 0x04, 0x09, 0x3a, 0xff, 0x0c, 0x1b, 0x48, 0xff, 0x14, 0x1b, 0x40, 0xff,
    0x17, 0x1f, 0x41, 0xff, 0x0c, 0x1c, 0x4a, 0xff, 0x06, 0x11, 0x41, 0xff, 0x07, 0x14, 0x44, 0xff,
    0x2c, 0x92, 0xcb, 0xff, 0x3b, 0xc4, 0xfe, 0xff, 0x37, 0xb9, 0xf5, 0xff, 0x3a, 0xc2, 0xfe, 0xff,
    0x34, 0xaa, 0xe5, 0xff, 0x09, 0x1b, 0x4c, 0xff, 0x0b, 0x16, 0x42, 0xff, 0x6c, 0x40, 0x12, 0xff,
    0x96, 0x56, 0x0c, 0xfe, 0xc7, 0x77, 0x13, 0xff, 0xa3, 0x50, 0x09, 0xe0, 0xab, 0x53, 0x08, 0xdd,
    0xaa, 0x51, 0x08, 0xdd, 0xad, 0x55, 0x09, 0xe0, 0xed, 0x8c, 0x15, 0xff, 0xd9, 0x7f, 0x14, 0xfe,
    0xd4, 0x7d, 0x16, 0xff, 0xdd, 0x81, 0x12, 0xff, 0x69, 0x49, 0x31, 0xff, 0x00, 0x04, 0x3d, 0xff,
    0x20, 0x60, 0x96, 0xff, 0x39, 0xc3, 0xff, 0xff, 0x35, 0xb4, 0xf5, 0xff, 0x37, 0xba, 0xfb, 0xff,
    0x33, 0xaf, 0xef, 0xff, 0x0b, 0x24, 0x57, 0xff, 0x0c, 0x15, 0x40, 0xff, 0x4c, 0x3c, 0x2e, 0xff,
    0x0c, 0x15, 0x3f, 0xff, 0x0c, 0x2a, 0x5d, 0xff, 0x35, 0xb2, 0xf2, 0xff, 0x36, 0xb9, 0xfa, 0xff,
    0x35, 0xb4, 0xf6, 0xff, 0x39, 0xc1, 0xff, 0xff, 0x27, 0x82, 0xbe, 0xff, 0x06, 0x10, 0x3f, 0xff,
    0x06, 0x0e, 0x3d, 0xff, 0x24, 0x78, 0xb2, 0xff, 0x39, 0xc2, 0xff, 0xff, 0x35, 0xb2, 0xf4, 0xff,
    0x39, 0xc3, 0xff, 0xff, 0x23, 0x74, 0xae, 0xff, 0x0a, 0x1c, 0x4c, 0xff, 0x35, 0xb2, 0xf2, 0xff,
    0x36, 0xb7, 0xf8, 0xff, 0x39, 0xc3, 0xff, 0xff, 0x21, 0x6c, 0xa6, 0xff, 0x28, 0x87, 0xc3, 0xff,
    0x39, 0xc1, 0xff, 0xff, 0x36, 0xb9, 0xfa, 0xff, 0x33, 0xab, 0xeb, 0xff, 0x09, 0x1a, 0x4b, 0xff,
    0x2b, 0x90, 0xcd, 0xff, 0x38, 0xbf, 0xfe, 0xff, 0x36, 0xb7, 0xf8, 0xff, 0x34, 0xb1, 0xf1, 0xff,
    0x0d, 0x27, 0x59, 0xff, 0x04, 0x11, 0x42, 0xff, 0x49, 0x3a, 0x2f, 0xff, 0x3b, 0x32, 0x33, 0xff,
    0x0d, 0x19, 0x45, 0xff, 0x05, 0x0b, 0x3a, 0xff, 0x0d, 0x27, 0x59, 0xff, 0x2b, 0x92, 0xce, 0xff,
    0x39, 0xc0, 0xff, 0xff, 0x35, 0xb3, 0xf4, 0xff, 0x36, 0xb9, 0xfa, 0xff, 0x38, 0xc1, 0xff, 0xff,
    0x19, 0x4a, 0x7e, 0xff, 0x00, 0x0a, 0x40, 0xff, 0x2a, 0x25, 0x34, 0xff, 0x80, 0x47, 0x08, 0xff,
    0x98, 0x57, 0x0e, 0xfe, 0xcc, 0x78, 0x12, 0xff, 0xa6, 0x50, 0x09, 0xe0, 0xab, 0x51, 0x08, 0xdd,
    0xaa, 0x51, 0x08, 0xdd, 0xad, 0x54, 0x09, 0xe0, 0xee, 0x89, 0x12, 0xff, 0xda, 0x7b, 0x10, 0xfe,
    0xd6, 0x7c, 0x14, 0xff, 0xd9, 0x84, 0x1d, 0xff, 0x42, 0x37, 0x3e, 0xff, 0x00, 0x07, 0x3d, 0xff,
    0x27, 0x7e, 0xba, 0xff, 0x36, 0xbb, 0xff, 0xff, 0x32, 0xae, 0xf3, 0xff, 0x35, 0xb8, 0xff, 0xff,
    0x2b, 0x93, 0xd4, 0xff, 0x03, 0x12, 0x46, 0xff, 0x1c, 0x20, 0x3c, 0xff, 0x4c, 0x37, 0x28, 0xff,
    0x03, 0x0e, 0x41, 0xff, 0x11, 0x35, 0x69, 0xff, 0x34, 0xb4, 0xfa, 0xff, 0x33, 0xb1, 0xf7, 0xff,
    0x32, 0xaf, 0xf4, 0xff, 0x36, 0xbc, 0xff, 0xff, 0x21, 0x6f, 0xac, 0xff, 0x06, 0x0e, 0x3d, 0xff,
    0x06, 0x0e, 0x3d, 0xff, 0x21, 0x70, 0xad, 0xff, 0x36, 0xbd, 0xff, 0xff, 0x32, 0xad, 0xf2, 0xff,
    0x37, 0xbf, 0xff, 0xff, 0x1d, 0x62, 0x9c, 0xff, 0x1b, 0x59, 0x93, 0xff, 0x37, 0xbf, 0xff, 0xff,
    0x33, 0xb0, 0xf5, 0xff, 0x33, 0xb1, 0xf6, 0xff, 0x0c, 0x25, 0x57, 0xff, 0x26, 0x83, 0xc2, 0xff,
    0x36, 0xbb, 0xff, 0xff, 0x34, 0xb4, 0xfa, 0xff, 0x2e, 0xa1, 0xe4, 0xff, 0x12, 0x39, 0x6d, 0xff,
    0x33, 0xaf, 0xf4, 0xff, 0x33, 0xb0, 0xf7, 0xff, 0x36, 0xbc, 0xff, 0xff, 0x22, 0x73, 0xaf, 0xff,
    0x02, 0x0a, 0x3c, 0xff, 0x1b, 0x22, 0x41, 0xff, 0x2c, 0x2a, 0x3a, 0xff, 0x03, 0x12, 0x46, 0xff,
    0x04, 0x0d, 0x3d, 0xff, 0x18, 0x4e, 0x85, 0xff, 0x31, 0xab, 0xef, 0xff, 0x35, 0xb9, 0xfe, 0xff,
    0x32, 0xad, 0xf3, 0xff, 0x36, 0xba, 0xff, 0xff, 0x33, 0xb1, 0xf6, 0xff, 0x19, 0x4f, 0x86, 0xff,
    0x01, 0x0c, 0x3f, 0xff, 0x0c, 0x19, 0x46, 0xff, 0x62, 0x38, 0x11, 0xff, 0x87, 0x4b, 0x0a, 0xff,
    0xa3, 0x5d, 0x0e, 0xfe, 0xd4, 0x7b, 0x12, 0xff, 0xa8, 0x51, 0x07, 0xe0, 0xaa, 0x51, 0x08, 0xdd,
    0xaa, 0x4f, 0x05, 0xdd, 0xad, 0x54, 0x0a, 0xe0, 0xef, 0x8f, 0x1e, 0xff, 0xdc, 0x8a, 0x2a, 0xfe,
    0xdc, 0x93, 0x38, 0xff, 0xcc, 0x8e, 0x3f, 0xff, 0x21, 0x25, 0x45, 0xff, 0x02, 0x13, 0x47, 0xff,
    0x2c, 0x95, 0xda, 0xff, 0x32, 0xb2, 0xfd, 0xff, 0x30, 0xa9, 0xf2, 0xff, 0x33, 0xb6, 0xff, 0xff,
    0x22, 0x73, 0xb2, 0xff, 0x00, 0x0a, 0x3e, 0xff, 0x26, 0x25, 0x39, 0xff, 0x28, 0x28, 0x3b, 0xff,
    0x00, 0x08, 0x3b, 0xff, 0x1b, 0x59, 0x93, 0xff, 0x34, 0xb7, 0xff, 0xff, 0x30, 0xaa, 0xf4, 0xff,
    0x30, 0xaa, 0xf4, 0xff, 0x33, 0xb6, 0xff, 0xff, 0x18, 0x50, 0x89, 0xff, 0x06, 0x0e, 0x3d, 0xff,
    0x06, 0x0e, 0x3d, 0xff, 0x1f, 0x69, 0xa8, 0xff, 0x34, 0xb7, 0xff, 0xff, 0x30, 0xa8, 0xf1, 0xff,
    0x33, 0xb5, 0xff, 0xff, 0x1f, 0x6a, 0xa9, 0xff, 0x2a, 0x92, 0xd8, 0xff, 0x32, 0xb0, 0xfa, 0xff,
    0x33, 0xb5, 0xff, 0xff, 0x23, 0x78, 0xb9, 0xff, 0x03, 0x05, 0x32, 0xff, 0x25, 0x80, 0xc3, 0xff,
    0x33, 0xb4, 0xff, 0xff, 0x32, 0xaf, 0xfa, 0xff, 0x2b, 0x98, 0xde, 0xff, 0x1e, 0x67, 0xa5, 0xff,
    0x33, 0xb4, 0xff, 0xff, 0x30, 0xab, 0xf5, 0xff, 0x31, 0xac, 0xf5, 0xff, 0x0f, 0x2e, 0x63, 0xff,
    0x06, 0x10, 0x40, 0xff, 0x0e, 0x1b, 0x47, 0xff, 0x03, 0x10, 0x42, 0xff, 0x09, 0x19, 0x49, 0xff,
    0x23, 0x76, 0xb7, 0xff, 0x33, 0xb6, 0xff, 0xff, 0x31, 0xad, 0xf7, 0xff, 0x31, 0xae, 0xf9, 0xff,
    0x33, 0xb5, 0xff, 0xff, 0x26, 0x86, 0xc9, 0xff, 0x0f, 0x2e, 0x62, 0xff, 0x05, 0x0c, 0x3c, 0xff,
    0x10, 0x1a, 0x43, 0xff, 0x52, 0x31, 0x18, 0xff, 0x7c, 0x44, 0x08, 0xff, 0x92, 0x52, 0x0e, 0xff,
    0xb3, 0x65, 0x0f, 0xfe, 0xde, 0x80, 0x13, 0xff, 0xaa, 0x51, 0x09, 0xe0, 0xaa, 0x50, 0x08, 0xdd,
    0xab, 0x55, 0x10, 0xdd, 0xaf, 0x60, 0x1e, 0xe0, 0xf2, 0xa7, 0x45, 0xff, 0xdd, 0x97, 0x41, 0xfe,
    0xe3, 0x9a, 0x3f, 0xff, 0xb3, 0x7d, 0x3f, 0xff, 0x08, 0x12, 0x40, 0xff, 0x0c, 0x28, 0x5c, 0xff,
    0x2d, 0xa3, 0xf1, 0xff, 0x2e, 0xa8, 0xf7, 0xff, 0x2d, 0xa4, 0xf2, 0xff, 0x31, 0xb1, 0xff, 0xff,
    0x18, 0x53, 0x90, 0xff, 0x06, 0x0d, 0x3c, 0xff, 0x0b, 0x1a, 0x49, 0xff, 0x04, 0x0d, 0x3c, 0xff,
    0x0a, 0x1e, 0x4f, 0xff, 0x2a, 0x97, 0xe3, 0xff, 0x2f, 0xaa, 0xf9, 0xff, 0x2e, 0xa5, 0xf4, 0xff,
    0x2f, 0xa7, 0xf7, 0xff, 0x2d, 0xa3, 0xf1, 0xff, 0x0c, 0x27, 0x5a, 0xff, 0x08, 0x15, 0x44, 0xff,
    0x05, 0x0d, 0x3a, 0xff, 0x1c, 0x62, 0xa2, 0xff, 0x31, 0xb2, 0xff, 0xff, 0x2d, 0xa4, 0xf3, 0xff,
    0x2e, 0xa7, 0xf6, 0xff, 0x26, 0x88, 0xd0, 0xff, 0x2e, 0xa6, 0xf4, 0xff, 0x2e, 0xa7, 0xf5, 0xff,
    0x2f, 0xa9, 0xf8, 0xff, 0x10, 0x35, 0x6b, 0xff, 0x04, 0x08, 0x35, 0xff, 0x22, 0x76, 0xbb, 0xff,
    0x30, 0xaf, 0xff, 0xff, 0x2f, 0xa8, 0xf8, 0xff, 0x2a, 0x96, 0xe2, 0xff, 0x27, 0x8e, 0xd8, 0xff,
    0x2f, 0xa9, 0xf9, 0xff, 0x30, 0xaf, 0xfe, 0xff, 0x21, 0x77, 0xbc, 0xff, 0x06, 0x0e, 0x3c, 0xff,
    0x09, 0x19, 0x4a, 0xff, 0x06, 0x12, 0x42, 0xff, 0x0b, 0x20, 0x52, 0xff, 0x27, 0x8c, 0xd5, 0xff,
    0x31, 0xb2, 0xff, 0xff, 0x2d, 0xa4, 0xf2, 0xff, 0x30, 0xaf, 0xff, 0xff, 0x2a, 0x99, 0xe4, 0xff,
    0x15, 0x49, 0x84, 0xff, 0x06, 0x12, 0x41, 0xff, 0x08, 0x12, 0x41, 0xff, 0x05, 0x18, 0x4c, 0xff,
    0x23, 0x1f, 0x34, 0xff, 0x70, 0x3c, 0x09, 0xff, 0x85, 0x49, 0x0c, 0xff, 0xa4, 0x5c, 0x0e, 0xff,
    0xc2, 0x6c, 0x0f, 0xfe, 0xe7, 0x83, 0x12, 0xff, 0xad, 0x51, 0x07, 0xe0, 0xaa, 0x50, 0x08, 0xdd,
    0xab, 0x5d, 0x1f, 0xdd, 0xaf, 0x60, 0x1f, 0xe0, 0xf4, 0xa7, 0x45, 0xff, 0xdd, 0x94, 0x3d, 0xfe,
    0xea, 0x9c, 0x3d, 0xff, 0x90, 0x69, 0x42, 0xff, 0x00, 0x07, 0x3c, 0xff, 0x15, 0x41, 0x7a, 0xff,
    0x2d, 0xa8, 0xfd, 0xff, 0x2b, 0xa0, 0xf2, 0xff, 0x2b, 0xa1, 0xf4, 0xff, 0x2c, 0xa4, 0xf8, 0xff,
    0x0e, 0x2f, 0x65, 0xff, 0x05, 0x0a, 0x36, 0xff, 0x07, 0x16, 0x45, 0xff, 0x0f, 0x2e, 0x65, 0xff,
    0x24, 0x86, 0xd2, 0xff, 0x2d, 0xa7, 0xfc, 0xff, 0x2b, 0xa0, 0xf3, 0xff, 0x2b, 0x9e, 0xf1, 0xff,
    0x2e, 0xac, 0xff, 0xff, 0x1e, 0x6b, 0xb0, 0xff, 0x06, 0x0d, 0x3b, 0xff, 0x07, 0x1a, 0x4c, 0xff,
    0x05, 0x0c, 0x39, 0xff, 0x1a, 0x5c, 0x9e, 0xff, 0x2e, 0xab, 0xff, 0xff, 0x2b, 0x9f, 0xf2, 0xff,
    0x2b, 0xa0, 0xf3, 0xff, 0x2a, 0x9d, 0xf0, 0xff, 0x2b, 0xa0, 0xf3, 0xff, 0x2d, 0xa9, 0xfe, 0xff,
    0x21, 0x79, 0xc3, 0xff, 0x07, 0x11, 0x40, 0xff, 0x06, 0x0f, 0x3d, 0xff, 0x1d, 0x6c, 0xb2, 0xff,
    0x2d, 0xaa, 0xff, 0xff, 0x2b, 0xa0, 0xf2, 0xff, 0x2b, 0x9f, 0xf1, 0xff, 0x2b, 0xa0, 0xf3, 0xff,
    0x2b, 0xa1, 0xf4, 0xff, 0x2c, 0xa5, 0xf9, 0xff, 0x10, 0x36, 0x6e, 0xff, 0x06, 0x10, 0x3e, 0xff,
    0x08, 0x17, 0x48, 0xff, 0x08, 0x15, 0x45, 0xff, 0x23, 0x82, 0xcd, 0xff, 0x2e, 0xac, 0xff, 0xff,
    0x2a, 0x9d, 0xef, 0xff, 0x2c, 0xa5, 0xf9, 0xff, 0x1e, 0x6d, 0xb2, 0xff, 0x08, 0x15, 0x44, 0xff,
    0x04, 0x07, 0x33, 0xff, 0x07, 0x11, 0x40, 0xff, 0x07, 0x11, 0x3f, 0xff, 0x09, 0x14, 0x40, 0xff,
    0x00, 0x13, 0x4c, 0xff, 0x39, 0x29, 0x2b, 0xff, 0x95, 0x4f, 0x06, 0xff, 0xb0, 0x61, 0x0e, 0xff,
    0xcc, 0x71, 0x10, 0xfe, 0xec, 0x84, 0x12, 0xff, 0xad, 0x51, 0x07, 0xe0, 0xaa, 0x4f, 0x08, 0xdd,
    0xab, 0x5c, 0x1c, 0xdd, 0xaf, 0x60, 0x1f, 0xe0, 0xf5, 0xa6, 0x45, 0xff, 0xdf, 0x96, 0x41, 0xfe,
    0xec, 0x9d, 0x3e, 0xff, 0x66, 0x4e, 0x41, 0xff, 0x00, 0x04, 0x3b, 0xff, 0x1b, 0x5b, 0x9c, 0xff,
    0x2a, 0xa5, 0xff, 0xff, 0x28, 0x9a, 0xf0, 0xff, 0x28, 0x9c, 0xf4, 0xff, 0x28, 0x9b, 0xf2, 0xff,
    0x21, 0x7d, 0xcc, 0xff, 0x20, 0x78, 0xc5, 0xff, 0x22, 0x82, 0xd2, 0xff, 0x29, 0x9d, 0xf4, 0xff,
    0x2a, 0xa2, 0xfa, 0xff, 0x28, 0x9a, 0xf1, 0xff, 0x28, 0x99, 0xef, 0xff, 0x2a, 0xa2, 0xfb, 0xff,
    0x25, 0x90, 0xe3, 0xff, 0x0a, 0x20, 0x52, 0xff, 0x08, 0x13, 0x42, 0xff, 0x17, 0x1f, 0x42, 0xff,
    0x04, 0x0c, 0x3a, 0xff, 0x18, 0x56, 0x98, 0xff, 0x2a, 0xa6, 0xff, 0xff, 0x28, 0x9a, 0xf0, 0xff,
    0x28, 0x9c, 0xf3, 0xff, 0x28, 0x9d, 0xf4, 0xff, 0x28, 0x9a, 0xf1, 0xff, 0x2a, 0xa2, 0xfa, 0xff,
    0x11, 0x3a, 0x75, 0xff, 0x07, 0x11, 0x3f, 0xff, 0x06, 0x0f, 0x3d, 0xff, 0x1a, 0x63, 0xaa, 0xff,
    0x2a, 0xa5, 0xff, 0xff, 0x28, 0x9a, 0xf0, 0xff, 0x28, 0x9c, 0xf4, 0xff, 0x28, 0x9a, 0xf1, 0xff,
    0x2a, 0xa3, 0xfc, 0xff, 0x20, 0x79, 0xc7, 0xff, 0x07, 0x11, 0x3f, 0xff, 0x09, 0x19, 0x4a, 0xff,
    0x06, 0x0d, 0x3a, 0xff, 0x16, 0x50, 0x91, 0xff, 0x2b, 0xa7, 0xff, 0xff, 0x28, 0x98, 0xef, 0xff,
    0x28, 0x9c, 0xf3, 0xff, 0x28, 0x9c, 0xf3, 0xff, 0x20, 0x78, 0xc6, 0xff, 0x1f, 0x75, 0xc2, 0xff,
    0x21, 0x7c, 0xca, 0xff, 0x20, 0x78, 0xc5, 0xff, 0x21, 0x7f, 0xcf, 0xff, 0x19, 0x57, 0x99, 0xff,
    0x01, 0x0d, 0x40, 0xff, 0x2a, 0x28, 0x3c, 0xff, 0x97, 0x5a, 0x18, 0xff, 0xb3, 0x63, 0x11, 0xff,
    0xcf, 0x6e, 0x0d, 0xfe, 0xee, 0x83, 0x12, 0xff, 0xad, 0x51, 0x07, 0xe0, 0xaa, 0x4e, 0x08, 0xdd,
    0xab, 0x5b, 0x1c, 0xdd, 0xb0, 0x61, 0x22, 0xe0, 0xf6, 0xa7, 0x48, 0xff, 0xe1, 0x8e, 0x32, 0xfe,
    0xe3, 0x81, 0x19, 0xff, 0x3c, 0x2f, 0x39, 0xff, 0x00, 0x0b, 0x40, 0xff, 0x1f, 0x70, 0xbc, 0xff,
    0x27, 0x9c, 0xfa, 0xff, 0x25, 0x93, 0xee, 0xff, 0x25, 0x95, 0xf0, 0xff, 0x25, 0x95, 0xf1, 0xff,
    0x27, 0x9c, 0xf9, 0xff, 0x27, 0x9c, 0xfa, 0xff, 0x27, 0x9a, 0xf7, 0xff, 0x25, 0x95, 0xf0, 0xff,
    0x25, 0x93, 0xee, 0xff, 0x26, 0x96, 0xf2, 0xff, 0x28, 0x9f, 0xff, 0xff, 0x23, 0x8d, 0xe6, 0xff,
    0x0f, 0x2e, 0x64, 0xff, 0x00, 0x0d, 0x43, 0xff, 0x25, 0x24, 0x38, 0xff, 0x39, 0x2d, 0x2e, 0xff,
    0x00, 0x0a, 0x3d, 0xff, 0x16, 0x50, 0x92, 0xff, 0x27, 0x9e, 0xfc, 0xff, 0x25, 0x93, 0xed, 0xff,
    0x25, 0x95, 0xf0, 0xff, 0x25, 0x93, 0xee, 0xff, 0x27, 0x9b, 0xf9, 0xff, 0x1f, 0x7b, 0xcd, 0xff,
    0x07, 0x13, 0x42, 0xff, 0x08, 0x18, 0x4a, 0xff, 0x06, 0x0d, 0x3a, 0xff, 0x18, 0x5a, 0xa1, 0xff,
    0x27, 0x9e, 0xfc, 0xff, 0x25, 0x93, 0xed, 0xff, 0x25, 0x95, 0xf0, 0xff, 0x25, 0x93, 0xee, 0xff,
    0x27, 0x9c, 0xfa, 0xff, 0x11, 0x3c, 0x79, 0xff, 0x07, 0x0f, 0x3d, 0xff, 0x09, 0x18, 0x49, 0xff,
    0x07, 0x15, 0x44, 0xff, 0x20, 0x7f, 0xd2, 0xff, 0x26, 0x9a, 0xf7, 0xff, 0x25, 0x94, 0xef, 0xff,
    0x25, 0x95, 0xf0, 0xff, 0x25, 0x95, 0xf0, 0xff, 0x27, 0x9c, 0xfa, 0xff, 0x27, 0x9d, 0xfb, 0xff,
    0x27, 0x9c, 0xf9, 0xff, 0x27, 0x9a, 0xf7, 0xff, 0x29, 0xa6, 0xff, 0xff, 0x19, 0x57, 0x9c, 0xff,
    0x00, 0x09, 0x3c, 0xff, 0x40, 0x33, 0x36, 0xff, 0x98, 0x63, 0x26, 0xff, 0xb4, 0x76, 0x30, 0xff,
    0xd1, 0x7d, 0x25, 0xfe, 0xee, 0x84, 0x14, 0xff, 0xae, 0x4f, 0x05, 0xe0, 0xaa, 0x4d, 0x06, 0xdd,
    0xad, 0x5d, 0x20, 0xdd, 0xb0, 0x59, 0x16, 0xe0, 0xf2, 0x8c, 0x22, 0xff, 0xe2, 0x76, 0x0c, 0xfe,
    0xcf, 0x6e, 0x11, 0xff, 0x1b, 0x1d, 0x3f, 0xff, 0x04, 0x19, 0x4e, 0xff, 0x22, 0x88, 0xe4, 0xff,
    0x25, 0x9b, 0xff, 0xff, 0x24, 0x96, 0xf9, 0xff, 0x24, 0x97, 0xfa, 0xff, 0x24, 0x97, 0xfa, 0xff,
    0x24, 0x96, 0xf9, 0xff, 0x24, 0x95, 0xf8, 0xff, 0x24, 0x96, 0xf9, 0xff, 0x24, 0x98, 0xfc, 0xff,
    0x25, 0x99, 0xfd, 0xff, 0x23, 0x91, 0xf1, 0xff, 0x1b, 0x68, 0xb7, 0xff, 0x0c, 0x22, 0x55, 0xff,
    0x01, 0x0e, 0x42, 0xff, 0x13, 0x1c, 0x42, 0xff, 0x5f, 0x3a, 0x16, 0xff, 0x3f, 0x30, 0x2e, 0xff,
    0x00, 0x0a, 0x3d, 0xff, 0x15, 0x4d, 0x91, 0xff, 0x26, 0xa0, 0xff, 0xff, 0x24, 0x95, 0xf8, 0xff,
    0x24, 0x97, 0xfa, 0xff, 0x24, 0x96, 0xf9, 0xff, 0x25, 0x9d, 0xff, 0xff, 0x11, 0x40, 0x80, 0xff,
    0x06, 0x0e, 0x3b, 0xff, 0x0c, 0x1b, 0x4a, 0xff, 0x06, 0x0d, 0x38, 0xff, 0x16, 0x56, 0x9f, 0xff,
    0x26, 0xa1, 0xff, 0xff, 0x24, 0x95, 0xf7, 0xff, 0x24, 0x96, 0xf9, 0xff, 0x25, 0x9d, 0xff, 0xff,
    0x1e, 0x7b, 0xd2, 0xff, 0x08, 0x14, 0x43, 0xff, 0x08, 0x17, 0x48, 0xff, 0x07, 0x12, 0x3f, 0xff,
    0x0d, 0x2c, 0x64, 0xff, 0x24, 0x97, 0xfa, 0xff, 0x24, 0x97, 0xfa, 0xff, 0x24, 0x97, 0xfa, 0xff,
    0x24, 0x97, 0xfa, 0xff, 0x24, 0x97, 0xfa, 0xff, 0x24, 0x96, 0xf9, 0xff, 0x24, 0x95, 0xf8, 0xff,
    0x24, 0x96, 0xf8, 0xff, 0x24, 0x95, 0xf7, 0xff, 0x25, 0x9a, 0xfe, 0xff, 0x10, 0x36, 0x71, 0xff,
    0x01, 0x0d, 0x3f, 0xff, 0x56, 0x3c, 0x2d, 0xff, 0x96, 0x5f, 0x24, 0xff, 0xb4, 0x77, 0x33, 0xff,
    0xd4, 0x8d, 0x3e, 0xfe, 0xf3, 0x9f, 0x40, 0xff, 0xaf, 0x5b, 0x17, 0xe0, 0xa9, 0x4c, 0x05, 0xdd,
    0xaa, 0x50, 0x0d, 0xdd, 0xae, 0x4e, 0x05, 0xe0, 0xef, 0x7d, 0x0f, 0xff, 0xe8, 0x79, 0x0e, 0xfe,
    0xb3, 0x62, 0x1b, 0xff, 0x06, 0x12, 0x42, 0xff, 0x0d, 0x24, 0x57, 0xff, 0x1c, 0x6d, 0xc2, 0xff,
    0x1c, 0x6f, 0xc4, 0xff, 0x1c, 0x6e, 0xc4, 0xff, 0x1c, 0x6e, 0xc4, 0xff, 0x1c, 0x6e, 0xc4, 0xff,
    0x1c, 0x6e, 0xc4, 0xff, 0x1c, 0x6e, 0xc4, 0xff, 0x1b, 0x6c, 0xc0, 0xff, 0x19, 0x61, 0xb0, 0xff,
    0x14, 0x4b, 0x90, 0xff, 0x0d, 0x29, 0x61, 0xff, 0x04, 0x0e, 0x3e, 0xff, 0x01, 0x11, 0x46, 0xff,
    0x1d, 0x1f, 0x3b, 0xff, 0x57, 0x34, 0x18, 0xff, 0x73, 0x44, 0x14, 0xff, 0x45, 0x33, 0x2f, 0xff,
    0x01, 0x0d, 0x40, 0xff, 0x12, 0x3b, 0x77, 0xff, 0x1d, 0x74, 0xcc, 0xff, 0x1c, 0x6d, 0xc3, 0xff,
    0x1b, 0x6e, 0xc3, 0xff, 0x1c, 0x70, 0xc7, 0xff, 0x1a, 0x63, 0xb5, 0xff, 0x08, 0x18, 0x4a, 0xff,
    0x10, 0x18, 0x40, 0xff, 0x28, 0x24, 0x36, 0xff, 0x04, 0x0f, 0x3f, 0xff, 0x13, 0x3f, 0x7f, 0xff,
    0x1d, 0x74, 0xcd, 0xff, 0x1b, 0x6d, 0xc2, 0xff, 0x1b, 0x6d, 0xc2, 0xff, 0x1d, 0x74, 0xcc, 0xff,
    0x11, 0x3b, 0x7a, 0xff, 0x06, 0x10, 0x3d, 0xff, 0x0f, 0x1c, 0x47, 0xff, 0x08, 0x11, 0x3e, 0xff,
    0x10, 0x33, 0x6e, 0xff, 0x1c, 0x73, 0xcb, 0xff, 0x1c, 0x6d, 0xc3, 0xff, 0x1b, 0x6e, 0xc4, 0xff,
    0x1c, 0x6e, 0xc4, 0xff, 0x1c, 0x6e, 0xc4, 0xff, 0x1c, 0x6e, 0xc4, 0xff, 0x1c, 0x6e, 0xc4, 0xff,
    0x1c, 0x6e, 0xc3, 0xff, 0x1c, 0x6f, 0xc5, 0xff, 0x1b, 0x6b, 0xbf, 0xff, 0x0b, 0x20, 0x53, 0xff,
    0x09, 0x14, 0x41, 0xff, 0x6a, 0x44, 0x23, 0xff, 0x98, 0x60, 0x26, 0xff, 0xb9, 0x78, 0x33, 0xff,
    0xd5, 0x8b, 0x3a, 0xfe, 0xf4, 0xa4, 0x47, 0xff, 0xb0, 0x60, 0x22, 0xe0, 0xab, 0x5a, 0x1a, 0xdd,
    0xa9, 0x49, 0x05, 0xdd, 0xae, 0x4f, 0x09, 0xe0, 0xf0, 0x7e, 0x11, 0xff, 0xe3, 0x75, 0x0e, 0xfe,
    0xc8, 0x69, 0x13, 0xff, 0x13, 0x1b, 0x43, 0xff, 0x00, 0x10, 0x4a, 0xff, 0x01, 0x0f, 0x42, 0xff,
    0x01, 0x0f, 0x42, 0xff, 0x01, 0x0f, 0x42, 0xff, 0x01, 0x0f, 0x42, 0xff, 0x01, 0x0f, 0x42, 0xff,
    0x02, 0x0f, 0x42, 0xff, 0x02, 0x0f, 0x41, 0xff, 0x01, 0x0e, 0x40, 0xff, 0x00, 0x0c, 0x3e, 0xff,
    0x00, 0x0a, 0x3d, 0xff, 0x03, 0x10, 0x42, 0xff, 0x15, 0x1c, 0x41, 0xff, 0x3c, 0x29, 0x26, 0xff,
    0x65, 0x38, 0x10, 0xff, 0x6e, 0x40, 0x14, 0xff, 0x7f, 0x4c, 0x18, 0xff, 0x6b, 0x45, 0x26, 0xff,
    0x01, 0x13, 0x49, 0xff, 0x00, 0x10, 0x45, 0xff, 0x02, 0x0d, 0x3f, 0xff, 0x02, 0x0e, 0x40, 0xff,
    0x02, 0x0f, 0x41, 0xff, 0x02, 0x0f, 0x41, 0xff, 0x03, 0x0f, 0x40, 0xff, 0x00, 0x11, 0x4c, 0xff,
    0x2e, 0x25, 0x30, 0xff, 0x4c, 0x32, 0x21, 0xff, 0x00, 0x13, 0x4a, 0xff, 0x01, 0x10, 0x43, 0xff,
    0x02, 0x0e, 0x40, 0xff, 0x02, 0x0f, 0x41, 0xff, 0x02, 0x0f, 0x41, 0xff, 0x02, 0x0e, 0x40, 0xff,
    0x00, 0x10, 0x46, 0xff, 0x0c, 0x18, 0x44, 0xff, 0x3e, 0x2d, 0x2a, 0xff, 0x05, 0x15, 0x48, 0xff,
    0x01, 0x11, 0x46, 0xff, 0x01, 0x0e, 0x40, 0xff, 0x02, 0x0f, 0x41, 0xff, 0x02, 0x0f, 0x42, 0xff,
    0x02, 0x0f, 0x42, 0xff, 0x02, 0x0f, 0x42, 0xff, 0x02, 0x0f, 0x42, 0xff, 0x02, 0x0f, 0x42, 0xff,
    0x02, 0x0f, 0x42, 0xff, 0x01, 0x0f, 0x42, 0xff, 0x03, 0x0f, 0x41, 0xff, 0x00, 0x11, 0x4b, 0xff,
    0x1f, 0x20, 0x3d, 0xff, 0x80, 0x4e, 0x1f, 0xff, 0x9e, 0x68, 0x30, 0xff, 0xc2, 0x80, 0x38, 0xff,
    0xda, 0x8d, 0x3b, 0xfe, 0xf5, 0xa2, 0x45, 0xff, 0xb0, 0x5f, 0x1f, 0xe0, 0xab, 0x5b, 0x1c, 0xdd,
    0xa8, 0x49, 0x06, 0xdd, 0xad, 0x4d, 0x07, 0xe0, 0xf0, 0x7c, 0x10, 0xff, 0xde, 0x71, 0x10, 0xfe,
    0xe1, 0x72, 0x0c, 0xff, 0x98, 0x52, 0x1b, 0xff, 0x36, 0x28, 0x35, 0xff, 0x2a, 0x23, 0x38, 0xff,
    0x25, 0x21, 0x37, 0xff, 0x23, 0x20, 0x37, 0xff, 0x22, 0x1f, 0x38, 0xff, 0x22, 0x1f, 0x38, 0xff,
    0x21, 0x1f, 0x37, 0xff, 0x21, 0x20, 0x39, 0xff, 0x24, 0x23, 0x3d, 0xff, 0x2b, 0x27, 0x3a, 0xff,
    0x3a, 0x2e, 0x34, 0xff, 0x51, 0x38, 0x2a, 0xff, 0x67, 0x39, 0x11, 0xff, 0x73, 0x3d, 0x0c, 0xff,
    0x76, 0x42, 0x13, 0xff, 0x82, 0x4b, 0x17, 0xff, 0x91, 0x54, 0x1b, 0xff, 0x9e, 0x5d, 0x1c, 0xff,
    0x63, 0x40, 0x2b, 0xff, 0x27, 0x26, 0x3e, 0xff, 0x24, 0x26, 0x41, 0xff, 0x21, 0x23, 0x3e, 0xff,
    0x1f, 0x20, 0x3b, 0xff, 0x1f, 0x20, 0x3a, 0xff, 0x1e, 0x1f, 0x3b, 0xff, 0x2f, 0x25, 0x31, 0xff,
    0x5f, 0x37, 0x16, 0xff, 0x6f, 0x44, 0x19, 0xff, 0x4a, 0x3a, 0x36, 0xff, 0x23, 0x25, 0x40, 0xff,
    0x22, 0x22, 0x3d, 0xff, 0x20, 0x20, 0x3a, 0xff, 0x1f, 0x1f, 0x3a, 0xff, 0x1f, 0x1f, 0x3a, 0xff,
    0x21, 0x20, 0x38, 0xff, 0x49, 0x2c, 0x1e, 0xff, 0x6d, 0x3e, 0x11, 0xff, 0x48, 0x36, 0x31, 0xff,
    0x24, 0x24, 0x3d, 0xff, 0x23, 0x24, 0x3f, 0xff, 0x21, 0x21, 0x3b, 0xff, 0x20, 0x1e, 0x38, 0xff,
    0x21, 0x1f, 0x38, 0xff, 0x21, 0x1f, 0x38, 0xff, 0x21, 0x1f, 0x38, 0xff, 0x22, 0x1f, 0x38, 0xff,
    0x22, 0x1f, 0x38, 0xff, 0x23, 0x1f, 0x37, 0xff, 0x22, 0x1f, 0x39, 0xff, 0x2d, 0x21, 0x2f, 0xff,
    0x6b, 0x44, 0x26, 0xff, 0x90, 0x60, 0x31, 0xff, 0xab, 0x70, 0x37, 0xff, 0xca, 0x78, 0x28, 0xff,
    0xdf, 0x90, 0x3e, 0xfe, 0xf7, 0xa3, 0x49, 0xff, 0xb0, 0x5e, 0x1f, 0xe0, 0xab, 0x5a, 0x1c, 0xdd,
    0xa8, 0x48, 0x05, 0xdd, 0xad, 0x4c, 0x06, 0xe0, 0xef, 0x7a, 0x0f, 0xff, 0xdf, 0x70, 0x0e, 0xfe,
    0xdb, 0x6e, 0x0f, 0xff, 0xd3, 0x6a, 0x0b, 0xff, 0xbc, 0x5e, 0x08, 0xff, 0xa0, 0x4f, 0x07, 0xff,
    0x8f, 0x46, 0x06, 0xff, 0x86, 0x41, 0x05, 0xff, 0x84, 0x40, 0x06, 0xff, 0x82, 0x3f, 0x05, 0xff,
    0x80, 0x40, 0x07, 0xff, 0x81, 0x4d, 0x1b, 0xff, 0x81, 0x51, 0x21, 0xff, 0x80, 0x50, 0x1f, 0xff,
    0x83, 0x54, 0x23, 0xff, 0x81, 0x4a, 0x15, 0xff, 0x80, 0x43, 0x0d, 0xff, 0x85, 0x49, 0x12, 0xff,
    0x90, 0x4f, 0x14, 0xff, 0x9c, 0x57, 0x17, 0xff, 0xa7, 0x5e, 0x1a, 0xff, 0xa9, 0x61, 0x1c, 0xff,
    0xa7, 0x5f, 0x19, 0xff, 0x98, 0x63, 0x2b, 0xff, 0x85, 0x5b, 0x2d, 0xff, 0x79, 0x50, 0x25, 0xff,
    0x73, 0x41, 0x13, 0xff, 0x72, 0x40, 0x12, 0xff, 0x72, 0x40, 0x12, 0xff, 0x76, 0x42, 0x12, 0xff,
    0x77, 0x44, 0x15, 0xff, 0x80, 0x4e, 0x1e, 0xff, 0x8e, 0x62, 0x30, 0xff, 0x8b, 0x60, 0x30, 0xff,
    0x7f, 0x4f, 0x1e, 0xff, 0x76, 0x41, 0x10, 0xff, 0x73, 0x3f, 0x11, 0xff, 0x73, 0x3f, 0x0f, 0xff,
    0x75, 0x3f, 0x0e, 0xff, 0x79, 0x41, 0x0f, 0xff, 0x7b, 0x42, 0x10, 0xff, 0x89, 0x54, 0x1f, 0xff,
    0x8b, 0x5c, 0x2a, 0xff, 0x85, 0x56, 0x25, 0xff, 0x7f, 0x50, 0x21, 0xff, 0x7b, 0x40, 0x0c, 0xff,
    0x7b, 0x3d, 0x07, 0xff, 0x7d, 0x3f, 0x08, 0xff, 0x7e, 0x3f, 0x07, 0xff, 0x80, 0x3f, 0x06, 0xff,
    0x82, 0x40, 0x06, 0xff, 0x84, 0x40, 0x05, 0xff, 0x86, 0x41, 0x05, 0xff, 0x8a, 0x42, 0x03, 0xff,
    0x94, 0x5c, 0x27, 0xff, 0xa5, 0x71, 0x3e, 0xff, 0xbf, 0x7f, 0x40, 0xff, 0xd1, 0x69, 0x0f, 0xff,
    0xdc, 0x75, 0x17, 0xfe, 0xf5, 0x9b, 0x3d, 0xff, 0xb0, 0x60, 0x22, 0xe0, 0xaa, 0x58, 0x1b, 0xdd,
    0xa7, 0x48, 0x05, 0xdd, 0xab, 0x4b, 0x06, 0xe0, 0xee, 0x78, 0x0f, 0xff, 0xde, 0x6f, 0x0e, 0xfe,
    0xde, 0x6e, 0x0e, 0xff, 0xd4, 0x69, 0x0e, 0xff, 0xc4, 0x62, 0x0d, 0xff, 0xb5, 0x5a, 0x0c, 0xff,
    0xa9, 0x54, 0x0b, 0xff, 0xa3, 0x51, 0x0c, 0xff, 0x9f, 0x4e, 0x09, 0xff, 0x9e, 0x51, 0x0e, 0xff,
    0xa0, 0x62, 0x27, 0xff, 0x9e, 0x66, 0x2f, 0xff, 0x9c, 0x63, 0x2c, 0xff, 0x9b, 0x66, 0x31, 0xff,
    0x99, 0x5c, 0x22, 0xff, 0x99, 0x4e, 0x0d, 0xff, 0x9e, 0x52, 0x11, 0xff, 0xa4, 0x56, 0x12, 0xff,
    0xaa, 0x5b, 0x14, 0xff, 0xb0, 0x5f, 0x16, 0xff, 0xb4, 0x62, 0x18, 0xff, 0xb4, 0x62, 0x17, 0xff,
    0xac, 0x63, 0x1e, 0xff, 0xa5, 0x70, 0x38, 0xff, 0x99, 0x69, 0x36, 0xff, 0x90, 0x5d, 0x2b, 0xff,
    0x89, 0x4c, 0x15, 0xff, 0x89, 0x4d, 0x17, 0xff, 0x89, 0x4d, 0x17, 0xff, 0x8a, 0x4e, 0x18, 0xff,
    0x90, 0x51, 0x17, 0xff, 0x99, 0x58, 0x1b, 0xff, 0xa0, 0x6c, 0x36, 0xff, 0x9f, 0x6d, 0x39, 0xff,
    0x96, 0x60, 0x2b, 0xff, 0x8d, 0x4d, 0x14, 0xff, 0x8b, 0x4c, 0x15, 0xff, 0x8b, 0x4c, 0x14, 0xff,
    0x8c, 0x4c, 0x14, 0xff, 0x90, 0x4e, 0x13, 0xff, 0x98, 0x50, 0x12, 0xff, 0x9d, 0x55, 0x16, 0xff,
    0xa3, 0x6a, 0x31, 0xff, 0x9f, 0x68, 0x31, 0xff, 0x9b, 0x65, 0x30, 0xff, 0x98, 0x5f, 0x28, 0xff,
    0x96, 0x4c, 0x0d, 0xff, 0x97, 0x4c, 0x0c, 0xff, 0x9a, 0x4d, 0x0c, 0xff, 0x9b, 0x4e, 0x0c, 0xff,
    0x9e, 0x4e, 0x0b, 0xff, 0xa0, 0x50, 0x0b, 0xff, 0xa2, 0x50, 0x0b, 0xff, 0xa5, 0x51, 0x0b, 0xff,
    0xae, 0x5c, 0x14, 0xff, 0xbc, 0x66, 0x1a, 0xff, 0xcd, 0x6e, 0x1a, 0xff, 0xd9, 0x6d, 0x10, 0xff,
    0xdc, 0x6b, 0x0a, 0xfe, 0xee, 0x79, 0x12, 0xff, 0xad, 0x50, 0x0d, 0xe0, 0xab, 0x5c, 0x21, 0xdd,
    0xa7, 0x47, 0x05, 0xdd, 0xab, 0x49, 0x06, 0xe0, 0xed, 0x76, 0x0f, 0xff, 0xdd, 0x6d, 0x0e, 0xfe,
    0xde, 0x6d, 0x0e, 0xff, 0xdc, 0x6b, 0x0e, 0xff, 0xd6, 0x69, 0x0e, 0xff, 0xcd, 0x65, 0x0d, 0xff,
    0xc7, 0x62, 0x0e, 0xff, 0xc3, 0x5d, 0x09, 0xff, 0xc1, 0x65, 0x15, 0xff, 0xc4, 0x7b, 0x34, 0xff,
    0xc3, 0x7d, 0x38, 0xff, 0xc0, 0x7a, 0x35, 0xff, 0xbf, 0x7b, 0x38, 0xff, 0xbc, 0x73, 0x2e, 0xff,
    0xb5, 0x5b, 0x0f, 0xff, 0xb6, 0x5b, 0x0f, 0xff, 0xb7, 0x5d, 0x11, 0xff, 0xb9, 0x5f, 0x11, 0xff,
    0xbb, 0x60, 0x13, 0xff, 0xbc, 0x61, 0x14, 0xff, 0xbb, 0x62, 0x15, 0xff, 0xb9, 0x60, 0x13, 0xff,
    0xba, 0x6f, 0x29, 0xff, 0xb8, 0x7b, 0x3d, 0xff, 0xb2, 0x77, 0x3b, 0xff, 0xaa, 0x66, 0x27, 0xff,
    0xa5, 0x57, 0x14, 0xff, 0xa5, 0x59, 0x17, 0xff, 0xa5, 0x59, 0x17, 0xff, 0xa5, 0x59, 0x17, 0xff,
    0xa8, 0x5a, 0x16, 0xff, 0xad, 0x5f, 0x1a, 0xff, 0xb4, 0x77, 0x3a, 0xff, 0xb4, 0x79, 0x3c, 0xff,
    0xaf, 0x73, 0x35, 0xff, 0xa8, 0x5a, 0x16, 0xff, 0xa7, 0x58, 0x14, 0xff, 0xa7, 0x58, 0x14, 0xff,
    0xa9, 0x59, 0x13, 0xff, 0xac, 0x5a, 0x13, 0xff, 0xb1, 0x5c, 0x13, 0xff, 0xb4, 0x5b, 0x10, 0xff,
    0xb8, 0x69, 0x22, 0xff, 0xbb, 0x7b, 0x3a, 0xff, 0xb9, 0x77, 0x35, 0xff, 0xba, 0x79, 0x39, 0xff,
    0xb9, 0x6d, 0x27, 0xff, 0xb7, 0x5a, 0x0b, 0xff, 0xba, 0x5c, 0x0d, 0xff, 0xbc, 0x5d, 0x0d, 0xff,
    0xbe, 0x5d, 0x0c, 0xff, 0xc0, 0x5e, 0x0c, 0xff, 0xc3, 0x5f, 0x0c, 0xff, 0xc5, 0x60, 0x0d, 0xff,
    0xc9, 0x62, 0x0b, 0xff, 0xd1, 0x64, 0x0a, 0xff, 0xd8, 0x67, 0x0b, 0xff, 0xdd, 0x6c, 0x0e, 0xff,
    0xdd, 0x6d, 0x0f, 0xfe, 0xed, 0x75, 0x0f, 0xff, 0xab, 0x47, 0x03, 0xe0, 0xa8, 0x4e, 0x10, 0xdd,
    0xa6, 0x46, 0x05, 0xdd, 0xaa, 0x48, 0x06, 0xe0, 0xeb, 0x73, 0x0e, 0xff, 0xdd, 0x6a, 0x0d, 0xfe,
    0xde, 0x6b, 0x0d, 0xff, 0xdc, 0x6b, 0x0d, 0xff, 0xdb, 0x6a, 0x0d, 0xff, 0xd9, 0x69, 0x0e, 0xff,
    0xd6, 0x65, 0x0a, 0xff, 0xd6, 0x6d, 0x16, 0xff, 0xd9, 0x88, 0x3b, 0xff, 0xd8, 0x89, 0x3d, 0xff,
    0xd6, 0x86, 0x3a, 0xff, 0xd4, 0x86, 0x3c, 0xff, 0xd2, 0x83, 0x39, 0xff, 0xc9, 0x65, 0x13, 0xff,
    0xc6, 0x60, 0x0c, 0xff, 0xc6, 0x62, 0x0f, 0xff, 0xc4, 0x61, 0x0f, 0xff, 0xc3, 0x61, 0x10, 0xff,
    0xc2, 0x61, 0x10, 0xff, 0xc0, 0x61, 0x11, 0xff, 0xbf, 0x61, 0x11, 0xff, 0xbe, 0x61, 0x12, 0xff,
    0xc2, 0x7a, 0x35, 0xff, 0xc1, 0x7f, 0x3d, 0xff, 0xbf, 0x7e, 0x3d, 0xff, 0xb9, 0x67, 0x1f, 0xff,
    0xb6, 0x5c, 0x12, 0xff, 0xb5, 0x5e, 0x14, 0xff, 0xb5, 0x5e, 0x15, 0xff, 0xb6, 0x5e, 0x15, 0xff,
    0xb6, 0x5e, 0x14, 0xff, 0xb8, 0x60, 0x15, 0xff, 0xbd, 0x78, 0x36, 0xff, 0xbf, 0x7e, 0x3d, 0xff,
    0xbe, 0x7c, 0x3b, 0xff, 0xb9, 0x63, 0x19, 0xff, 0xb8, 0x5d, 0x11, 0xff, 0xb8, 0x5e, 0x12, 0xff,
    0xba, 0x5e, 0x12, 0xff, 0xbc, 0x5f, 0x11, 0xff, 0xbe, 0x5f, 0x11, 0xff, 0xc0, 0x60, 0x10, 0xff,
    0xc2, 0x5f, 0x0e, 0xff, 0xc9, 0x79, 0x30, 0xff, 0xcc, 0x83, 0x3d, 0xff, 0xcd, 0x81, 0x39, 0xff,
    0xd0, 0x86, 0x3e, 0xff, 0xcd, 0x71, 0x21, 0xff, 0xcc, 0x61, 0x0a, 0xff, 0xce, 0x65, 0x0e, 0xff,
    0xd0, 0x65, 0x0d, 0xff, 0xd2, 0x66, 0x0d, 0xff, 0xd4, 0x67, 0x0d, 0xff, 0xd6, 0x67, 0x0d, 0xff,
    0xd8, 0x68, 0x0d, 0xff, 0xdb, 0x69, 0x0e, 0xff, 0xdc, 0x6b, 0x0e, 0xff, 0xdd, 0x6b, 0x0d, 0xff,
    0xdc, 0x6a, 0x0d, 0xfe, 0xeb, 0x73, 0x0e, 0xff, 0xaa, 0x49, 0x07, 0xe0, 0xa6, 0x45, 0x03, 0xdd,
    0xa5, 0x45, 0x05, 0xdd, 0xaa, 0x47, 0x06, 0xe0, 0xe9, 0x71, 0x0e, 0xff, 0xdb, 0x69, 0x0d, 0xfe,
    0xdd, 0x69, 0x0d, 0xff, 0xdc, 0x69, 0x0d, 0xff, 0xdb, 0x6a, 0x0e, 0xff, 0xda, 0x66, 0x0a, 0xff,
    0xdb, 0x6f, 0x16, 0xff, 0xe1, 0x8c, 0x3d, 0xff, 0xe0, 0x8d, 0x40, 0xff, 0xde, 0x8b, 0x3e, 0xff,
    0xdd, 0x8a, 0x3d, 0xff, 0xdb, 0x8b, 0x3f, 0xff, 0xd3, 0x6d, 0x19, 0xff, 0xce, 0x61, 0x0a, 0xff,
    0xcd, 0x63, 0x0e, 0xff, 0xcb, 0x62, 0x0e, 0xff, 0xc9, 0x61, 0x0e, 0xff, 0xc7, 0x61, 0x0e, 0xff,
    0xc6, 0x60, 0x0f, 0xff, 0xc4, 0x60, 0x10, 0xff, 0xc3, 0x5e, 0x0e, 0xff, 0xc3, 0x66, 0x19, 0xff,
    0xc8, 0x81, 0x3c, 0xff, 0xc7, 0x7f, 0x3b, 0xff, 0xc5, 0x7e, 0x3a, 0xff, 0xbe, 0x62, 0x17, 0xff,
    0xbd, 0x5d, 0x10, 0xff, 0xbd, 0x5f, 0x12, 0xff, 0xbc, 0x5f, 0x12, 0xff, 0xbc, 0x5f, 0x12, 0xff,
    0xbc, 0x5f, 0x12, 0xff, 0xbc, 0x5d, 0x10, 0xff, 0xc2, 0x76, 0x30, 0xff, 0xc5, 0x7f, 0x3d, 0xff,
    0xc5, 0x81, 0x3e, 0xff, 0xc1, 0x6b, 0x21, 0xff, 0xbf, 0x5d, 0x0e, 0xff, 0xc0, 0x5f, 0x11, 0xff,
    0xc1, 0x5f, 0x10, 0xff, 0xc3, 0x5f, 0x10, 0xff, 0xc4, 0x60, 0x0f, 0xff, 0xc6, 0x61, 0x0f, 0xff,
    0xc7, 0x5f, 0x0c, 0xff, 0xca, 0x68, 0x17, 0xff, 0xd3, 0x85, 0x3d, 0xff, 0xd5, 0x86, 0x3c, 0xff,
    0xd7, 0x87, 0x3c, 0xff, 0xd9, 0x8a, 0x3f, 0xff, 0xd4, 0x6e, 0x19, 0xff, 0xd4, 0x62, 0x08, 0xff,
    0xd5, 0x66, 0x0c, 0xff, 0xd6, 0x66, 0x0b, 0xff, 0xd8, 0x66, 0x0b, 0xff, 0xda, 0x67, 0x0c, 0xff,
    0xdb, 0x68, 0x0d, 0xff, 0xdb, 0x69, 0x0d, 0xff, 0xdc, 0x69, 0x0d, 0xff, 0xdd, 0x69, 0x0d, 0xff,
    0xdb, 0x69, 0x0d, 0xfe, 0xe9, 0x71, 0x0e, 0xff, 0xaa, 0x47, 0x06, 0xe0, 0xa5, 0x45, 0x05, 0xdd,
    0xa5, 0x44, 0x05, 0xdd, 0xa9, 0x46, 0x05, 0xe0, 0xe8, 0x6e, 0x0e, 0xff, 0xd9, 0x66, 0x0d, 0xfe,
    0xdb, 0x67, 0x0c, 0xff, 0xdb, 0x68, 0x0e, 0xff, 0xda, 0x64, 0x09, 0xff, 0xdc, 0x6d, 0x16, 0xff,
    0xe3, 0x8c, 0x3d, 0xff, 0xe2, 0x8e, 0x41, 0xff, 0xe1, 0x8b, 0x3e, 0xff, 0xe0, 0x8b, 0x3e, 0xff,
    0xdf, 0x8e, 0x42, 0xff, 0xd8, 0x74, 0x22, 0xff, 0xd2, 0x60, 0x09, 0xff, 0xd1, 0x63, 0x0d, 0xff,
    0xd0, 0x62, 0x0c, 0xff, 0xce, 0x61, 0x0c, 0xff, 0xcc, 0x60, 0x0d, 0xff, 0xca, 0x60, 0x0d, 0xff,
    0xc9, 0x5f, 0x0d, 0xff, 0xc8, 0x5f, 0x0e, 0xff, 0xc6, 0x5c, 0x0b, 0xff, 0xca, 0x73, 0x29, 0xff,
    0xcd, 0x82, 0x3e, 0xff, 0xcb, 0x81, 0x3c, 0xff, 0xc9, 0x78, 0x31, 0xff, 0xc1, 0x5c, 0x0e, 0xff,
    0xc1, 0x5d, 0x0f, 0xff, 0xc0, 0x5d, 0x0f, 0xff, 0xc0, 0x5d, 0x0f, 0xff, 0xbf, 0x5d, 0x0f, 0xff,
    0xbf, 0x5d, 0x10, 0xff, 0xc0, 0x5c, 0x0d, 0xff, 0xc6, 0x76, 0x2f, 0xff, 0xc9, 0x80, 0x3d, 0xff,
    0xca, 0x81, 0x3e, 0xff, 0xc7, 0x73, 0x2a, 0xff, 0xc2, 0x5b, 0x0c, 0xff, 0xc4, 0x5e, 0x0f, 0xff,
    0xc5, 0x5e, 0x0e, 0xff, 0xc6, 0x5f, 0x0e, 0xff, 0xc8, 0x5f, 0x0e, 0xff, 0xc9, 0x5f, 0x0d, 0xff,
    0xca, 0x60, 0x0e, 0xff, 0xcb, 0x5e, 0x09, 0xff, 0xd3, 0x77, 0x28, 0xff, 0xd9, 0x8a, 0x41, 0xff,
    0xda, 0x87, 0x3c, 0xff, 0xdb, 0x8a, 0x3e, 0xff, 0xdd, 0x88, 0x3b, 0xff, 0xd8, 0x6c, 0x18, 0xff,
    0xd7, 0x68, 0x12, 0xff, 0xd9, 0x6a, 0x13, 0xff, 0xda, 0x6a, 0x13, 0xff, 0xda, 0x69, 0x11, 0xff,
    0xda, 0x66, 0x0c, 0xff, 0xda, 0x66, 0x0d, 0xff, 0xdb, 0x67, 0x0d, 0xff, 0xdb, 0x67, 0x0d, 0xff,
    0xd9, 0x66, 0x0d, 0xfe, 0xe8, 0x6e, 0x0e, 0xff, 0xa9, 0x46, 0x05, 0xe0, 0xa5, 0x44, 0x05, 0xdd,
    0xa2, 0x41, 0x05, 0xdd, 0xa9, 0x46, 0x05, 0xe0, 0xe6, 0x6b, 0x0d, 0xff, 0xd9, 0x64, 0x0c, 0xfe,
    0xda, 0x65, 0x0d, 0xff, 0xd9, 0x62, 0x08, 0xff, 0xdb, 0x6c, 0x15, 0xff, 0xe3, 0x8b, 0x3e, 0xff,
    0xe3, 0x8d, 0x40, 0xff, 0xe2, 0x8b, 0x3e, 0xff, 0xe1, 0x8b, 0x3e, 0xff, 0xe1, 0x8e, 0x43, 0xff,
    0xdc, 0x7c, 0x2c, 0xff, 0xd4, 0x60, 0x09, 0xff, 0xd3, 0x62, 0x0c, 0xff, 0xd3, 0x61, 0x0c, 0xff,
    0xd1, 0x60, 0x0c, 0xff, 0xd0, 0x60, 0x0c, 0xff, 0xcf, 0x5f, 0x0c, 0xff, 0xcd, 0x5f, 0x0c, 0xff,
    0xcc, 0x5f, 0x0c, 0xff, 0xcb, 0x5e, 0x0b, 0xff, 0xca, 0x5f, 0x0e, 0xff, 0xd1, 0x7f, 0x37, 0xff,
    0xd0, 0x82, 0x3c, 0xff, 0xd0, 0x83, 0x3e, 0xff, 0xcb, 0x71, 0x27, 0xff, 0xc4, 0x5a, 0x0a, 0xff,
    0xc5, 0x5d, 0x0e, 0xff, 0xc4, 0x5c, 0x0d, 0xff, 0xc4, 0x5c, 0x0d, 0xff, 0xc4, 0x5c, 0x0d, 0xff,
    0xc4, 0x5d, 0x0e, 0xff, 0xc3, 0x59, 0x0b, 0xff, 0xc9, 0x6f, 0x25, 0xff, 0xcf, 0x82, 0x3e, 0xff,
    0xce, 0x81, 0x3c, 0xff, 0xcd, 0x79, 0x32, 0xff, 0xc6, 0x5c, 0x0c, 0xff, 0xc7, 0x5d, 0x0d, 0xff,
    0xc8, 0x5d, 0x0d, 0xff, 0xc9, 0x5e, 0x0c, 0xff, 0xcb, 0x5e, 0x0c, 0xff, 0xcc, 0x5f, 0x0c, 0xff,
    0xcd, 0x5f, 0x0c, 0xff, 0xce, 0x5f, 0x0b, 0xff, 0xd0, 0x62, 0x0f, 0xff, 0xda, 0x84, 0x3a, 0xff,
    0xdc, 0x89, 0x3f, 0xff, 0xdd, 0x88, 0x3c, 0xff, 0xdf, 0x8c, 0x42, 0xff, 0xe6, 0xa4, 0x69, 0xff,
    0xe7, 0xa6, 0x6b, 0xff, 0xe7, 0xa5, 0x69, 0xff, 0xe9, 0xab, 0x70, 0xff, 0xe5, 0x96, 0x53, 0xff,
    0xd8, 0x61, 0x07, 0xff, 0xda, 0x66, 0x0d, 0xff, 0xda, 0x65, 0x0c, 0xff, 0xda, 0x65, 0x0c, 0xff,
    0xd9, 0x64, 0x0c, 0xfe, 0xe6, 0x6b, 0x0d, 0xff, 0xa9, 0x46, 0x05, 0xe0, 0xa2, 0x41, 0x05, 0xdd,
    0xaf, 0x48, 0x06, 0xe0, 0x98, 0x3b, 0x03, 0xd8, 0xe1, 0x67, 0x0d, 0xff, 0xd7, 0x62, 0x0d, 0xff,
    0xd8, 0x5f, 0x09, 0xff, 0xda, 0x6a, 0x16, 0xff, 0xe2, 0x8a, 0x3f, 0xff, 0xe2, 0x8c, 0x42, 0xff,
    0xe2, 0x8a, 0x3f, 0xff, 0xe2, 0x8a, 0x3f, 0xff, 0xe2, 0x8c, 0x42, 0xff, 0xde, 0x82, 0x36, 0xff,
    0xd6, 0x61, 0x0c, 0xff, 0xd5, 0x60, 0x0b, 0xff, 0xd4, 0x60, 0x0d, 0xff, 0xd3, 0x60, 0x0c, 0xff,
    0xd2, 0x5f, 0x0c, 0xff, 0xd1, 0x5f, 0x0c, 0xff, 0xd0, 0x5e, 0x0c, 0xff, 0xcf, 0x5e, 0x0c, 0xff,
    0xce, 0x5e, 0x0d, 0xff, 0xcc, 0x5b, 0x09, 0xff, 0xcf, 0x69, 0x1a, 0xff, 0xd5, 0x85, 0x3f, 0xff,
    0xd3, 0x81, 0x3b, 0xff, 0xd3, 0x84, 0x3f, 0xff, 0xcc, 0x6a, 0x1e, 0xff, 0xc7, 0x59, 0x09, 0xff,
    0xc8, 0x5c, 0x0e, 0xff, 0xc7, 0x5b, 0x0d, 0xff, 0xc7, 0x5b, 0x0d, 0xff, 0xc7, 0x5b, 0x0d, 0xff,
    0xc7, 0x5c, 0x0e, 0xff, 0xc6, 0x58, 0x09, 0xff, 0xcc, 0x6e, 0x24, 0xff, 0xd2, 0x84, 0x3f, 0xff,
    0xd2, 0x81, 0x3b, 0xff, 0xd1, 0x81, 0x3a, 0xff, 0xca, 0x60, 0x11, 0xff, 0xca, 0x5b, 0x0b, 0xff,
    0xcb, 0x5c, 0x0c, 0xff, 0xcc, 0x5d, 0x0c, 0xff, 0xcd, 0x5d, 0x0c, 0xff, 0xce, 0x5d, 0x0c, 0xff,
    0xcf, 0x5e, 0x0c, 0xff, 0xd0, 0x5f, 0x0d, 0xff, 0xd0, 0x5c, 0x09, 0xff, 0xd6, 0x6d, 0x1d, 0xff,
    0xde, 0x8a, 0x41, 0xff, 0xde, 0x87, 0x3d, 0xff, 0xdf, 0x8b, 0x42, 0xff, 0xe7, 0xa8, 0x6f, 0xff,
    0xe8, 0xac, 0x74, 0xff, 0xe9, 0xab, 0x72, 0xff, 0xeb, 0xb0, 0x7a, 0xff, 0xe5, 0x9a, 0x59, 0xff,
    0xd6, 0x5f, 0x07, 0xff, 0xd8, 0x63, 0x0d, 0xff, 0xd8, 0x62, 0x0c, 0xff, 0xd9, 0x62, 0x0c, 0xff,
    0xd7, 0x61, 0x0c, 0xff, 0xe1, 0x67, 0x0d, 0xff, 0x98, 0x3b, 0x03, 0xd8, 0xaf, 0x48, 0x06, 0xe0,
    0xbf, 0x51, 0x09, 0xc4, 0x8c, 0x33, 0x02, 0xd8, 0xd8, 0x60, 0x0c, 0xfd, 0xd6, 0x5d, 0x08, 0xff,
    0xd8, 0x67, 0x15, 0xff, 0xe1, 0x88, 0x3e, 0xff, 0xe2, 0x8b, 0x41, 0xff, 0xe1, 0x89, 0x3e, 0xff,
    0xe1, 0x89, 0x3f, 0xff, 0xe1, 0x8a, 0x40, 0xff, 0xe0, 0x87, 0x3d, 0xff, 0xd6, 0x63, 0x11, 0xff,
    0xd4, 0x5d, 0x09, 0xff, 0xd5, 0x5f, 0x0c, 0xff, 0xd4, 0x5e, 0x0b, 0xff, 0xd3, 0x5e, 0x0b, 0xff,
    0xd2, 0x5e, 0x0b, 0xff, 0xd1, 0x5d, 0x0b, 0xff, 0xd1, 0x5d, 0x0b, 0xff, 0xd0, 0x5d, 0x0b, 0xff,
    0xcf, 0x5d, 0x0c, 0xff, 0xce, 0x5a, 0x09, 0xff, 0xd5, 0x78, 0x2e, 0xff, 0xd8, 0x86, 0x40, 0xff,
    0xd6, 0x82, 0x3c, 0xff, 0xd5, 0x82, 0x3c, 0xff, 0xcd, 0x61, 0x13, 0xff, 0xca, 0x59, 0x09, 0xff,
    0xca, 0x5a, 0x0c, 0xff, 0xca, 0x5a, 0x0b, 0xff, 0xc9, 0x5a, 0x0b, 0xff, 0xc9, 0x5a, 0x0b, 0xff,
    0xc9, 0x5b, 0x0c, 0xff, 0xc9, 0x57, 0x07, 0xff, 0xce, 0x6b, 0x21, 0xff, 0xd5, 0x84, 0x3f, 0xff,
    0xd5, 0x81, 0x3b, 0xff, 0xd5, 0x84, 0x3e, 0xff, 0xce, 0x66, 0x19, 0xff, 0xcb, 0x59, 0x08, 0xff,
    0xcd, 0x5c, 0x0c, 0xff, 0xcd, 0x5c, 0x0b, 0xff, 0xce, 0x5c, 0x0b, 0xff, 0xcf, 0x5c, 0x0b, 0xff,
    0xd0, 0x5c, 0x0b, 0xff, 0xd1, 0x5c, 0x0a, 0xff, 0xd1, 0x5d, 0x0a, 0xff, 0xd1, 0x5b, 0x08, 0xff,
    0xdb, 0x7c, 0x30, 0xff, 0xdf, 0x89, 0x40, 0xff, 0xdf, 0x89, 0x41, 0xff, 0xe7, 0xa6, 0x6d, 0xff,
    0xe8, 0xaa, 0x71, 0xff, 0xe9, 0xa8, 0x70, 0xff, 0xea, 0xad, 0x77, 0xff, 0xe4, 0x96, 0x57, 0xff,
    0xd5, 0x5d, 0x06, 0xff, 0xd7, 0x61, 0x0c, 0xff, 0xd7, 0x60, 0x0b, 0xff, 0xd6, 0x60, 0x0b, 0xff,
    0xd7, 0x5f, 0x0b, 0xff, 0xd8, 0x60, 0x0b, 0xfd, 0x8c, 0x33, 0x02, 0xd8, 0xbf, 0x51, 0x09, 0xc4,
    0xd3, 0x5b, 0x0b, 0x97, 0x8e, 0x35, 0x03, 0xde, 0xc3, 0x51, 0x06, 0xf1, 0xdc, 0x67, 0x15, 0xff,
    0xdf, 0x86, 0x3e, 0xfe, 0xe1, 0x89, 0x41, 0xff, 0xe1, 0x87, 0x3e, 0xff, 0xe1, 0x88, 0x3f, 0xff,
    0xe0, 0x88, 0x3f, 0xff, 0xe1, 0x89, 0x41, 0xff, 0xd7, 0x68, 0x18, 0xff, 0xd3, 0x5a, 0x08, 0xff,
    0xd4, 0x5d, 0x0c, 0xff, 0xd3, 0x5c, 0x0b, 0xff, 0xd3, 0x5c, 0x0b, 0xff, 0xd3, 0x5c, 0x0b, 0xff,
    0xd3, 0x5c, 0x0b, 0xff, 0xd2, 0x5c, 0x0b, 0xff, 0xd1, 0x5c, 0x0b, 0xff, 0xd0, 0x5b, 0x0b, 0xff,
    0xd0, 0x5a, 0x0a, 0xff, 0xd0, 0x5e, 0x0f, 0xff, 0xda, 0x82, 0x3b, 0xff, 0xd9, 0x84, 0x3d, 0xff,
    0xd9, 0x84, 0x3f, 0xff, 0xd6, 0x7c, 0x35, 0xff, 0xcd, 0x5a, 0x0b, 0xff, 0xcd, 0x59, 0x0b, 0xff,
    0xcc, 0x59, 0x0b, 0xff, 0xcc, 0x59, 0x0b, 0xff, 0xcc, 0x59, 0x0b, 0xff, 0xcc, 0x59, 0x0b, 0xff,
    0xcc, 0x59, 0x0c, 0xff, 0xcb, 0x57, 0x08, 0xff, 0xcf, 0x63, 0x17, 0xff, 0xd7, 0x84, 0x3f, 0xff,
    0xd7, 0x81, 0x3c, 0xff, 0xd9, 0x85, 0x41, 0xff, 0xd2, 0x6e, 0x24, 0xff, 0xcd, 0x57, 0x07, 0xff,
    0xce, 0x5b, 0x0c, 0xff, 0xcf, 0x5a, 0x0b, 0xff, 0xcf, 0x5b, 0x0b, 0xff, 0xd0, 0x5b, 0x0b, 0xff,
    0xd1, 0x5c, 0x0c, 0xff, 0xd2, 0x5f, 0x10, 0xff, 0xd3, 0x60, 0x11, 0xff, 0xd3, 0x5d, 0x0d, 0xff,
    0xd5, 0x62, 0x13, 0xff, 0xdf, 0x85, 0x3d, 0xff, 0xdf, 0x89, 0x42, 0xff, 0xe7, 0xa8, 0x71, 0xff,
    0xe8, 0xab, 0x76, 0xff, 0xe9, 0xaa, 0x74, 0xff, 0xea, 0xaf, 0x7b, 0xff, 0xe4, 0x98, 0x5c, 0xff,
    0xd4, 0x5a, 0x06, 0xff, 0xd5, 0x5e, 0x0c, 0xff, 0xd5, 0x5d, 0x0b, 0xff, 0xd4, 0x5d, 0x0b, 0xfe,
    0xdb, 0x60, 0x0b, 0xff, 0xc4, 0x53, 0x08, 0xf1, 0x8e, 0x33, 0x02, 0xde, 0xd3, 0x5b, 0x0b, 0x97,
    0xeb, 0x6b, 0x0f, 0x40, 0xa3, 0x3e, 0x01, 0xe2, 0xa1, 0x44, 0x0c, 0xdc, 0xea, 0x8b, 0x3f, 0xff,
    0xdd, 0x85, 0x40, 0xfe, 0xdf, 0x85, 0x3e, 0xff, 0xdf, 0x86, 0x3f, 0xff, 0xdf, 0x85, 0x3e, 0xff,
    0xe0, 0x89, 0x43, 0xff, 0xd8, 0x6e, 0x22, 0xff, 0xd2, 0x58, 0x07, 0xff, 0xd3, 0x5b, 0x0c, 0xff,
    0xd2, 0x5a, 0x0b, 0xff, 0xd2, 0x5b, 0x0b, 0xff, 0xd2, 0x5a, 0x0b, 0xff, 0xd1, 0x5a, 0x0b, 0xff,
    0xd1, 0x5a, 0x0b, 0xff, 0xd1, 0x5a, 0x0b, 0xff, 0xd1, 0x5a, 0x0b, 0xff, 0xd0, 0x5a, 0x0c, 0xff,
    0xcf, 0x57, 0x07, 0xff, 0xd4, 0x6a, 0x1f, 0xff, 0xdc, 0x86, 0x41, 0xff, 0xda, 0x82, 0x3c, 0xff,
    0xdb, 0x85, 0x41, 0xff, 0xd6, 0x75, 0x2d, 0xff, 0xcd, 0x56, 0x08, 0xff, 0xcd, 0x58, 0x0b, 0xff,
    0xcd, 0x58, 0x0b, 0xff, 0xcd, 0x58, 0x0b, 0xff, 0xcd, 0x58, 0x0b, 0xff, 0xcd, 0x58, 0x0b, 0xff,
    0xcd, 0x58, 0x0c, 0xff, 0xcc, 0x56, 0x08, 0xff, 0xd0, 0x63, 0x18, 0xff, 0xd9, 0x84, 0x3f, 0xff,
    0xd8, 0x81, 0x3c, 0xff, 0xda, 0x84, 0x40, 0xff, 0xd6, 0x77, 0x30, 0xff, 0xce, 0x57, 0x09, 0xff,
    0xcf, 0x59, 0x0b, 0xff, 0xcf, 0x59, 0x0b, 0xff, 0xd0, 0x5a, 0x0c, 0xff, 0xcf, 0x56, 0x07, 0xff,
    0xd4, 0x67, 0x1d, 0xff, 0xdf, 0x91, 0x55, 0xff, 0xe0, 0x92, 0x54, 0xff, 0xdc, 0x82, 0x40, 0xff,
    0xd0, 0x54, 0x04, 0xff, 0xd8, 0x71, 0x26, 0xff, 0xdf, 0x8b, 0x45, 0xff, 0xe4, 0x9c, 0x62, 0xff,
    0xe5, 0xa0, 0x66, 0xff, 0xe5, 0x9e, 0x64, 0xff, 0xe7, 0xa3, 0x6a, 0xff, 0xdf, 0x88, 0x47, 0xff,
    0xd2, 0x57, 0x06, 0xff, 0xd3, 0x5c, 0x0c, 0xff, 0xd3, 0x5b, 0x0b, 0xff, 0xd1, 0x59, 0x0b, 0xfe,
    0xdf, 0x60, 0x0c, 0xff, 0x9e, 0x3d, 0x04, 0xdc, 0xa5, 0x40, 0x05, 0xe2, 0xeb, 0x67, 0x0f, 0x40,
    0xff, 0xaa, 0x00, 0x03, 0xc8, 0x5b, 0x15, 0xc0, 0x8a, 0x39, 0x0c, 0xda, 0xd7, 0x7e, 0x3a, 0xf7,
    0xe1, 0x87, 0x3f, 0xff, 0xdc, 0x83, 0x3e, 0xff, 0xde, 0x83, 0x3d, 0xff, 0xdf, 0x87, 0x42, 0xff,
    0xd9, 0x74, 0x2b, 0xff, 0xd0, 0x56, 0x07, 0xff, 0xd1, 0x58, 0x0a, 0xff, 0xd1, 0x58, 0x0a, 0xff,
    0xd1, 0x58, 0x0a, 0xff, 0xd0, 0x58, 0x0a, 0xff, 0xd0, 0x58, 0x0a, 0xff, 0xd0, 0x58, 0x0a, 0xff,
    0xd0, 0x58, 0x0a, 0xff, 0xd0, 0x58, 0x0a, 0xff, 0xd0, 0x57, 0x0a, 0xff, 0xcf, 0x57, 0x0a, 0xff,
    0xce, 0x56, 0x09, 0xff, 0xd9, 0x79, 0x32, 0xff, 0xdc, 0x84, 0x40, 0xff, 0xdb, 0x81, 0x3c, 0xff,
    0xdc, 0x85, 0x41, 0xff, 0xd3, 0x6a, 0x21, 0xff, 0xcd, 0x54, 0x06, 0xff, 0xcd, 0x58, 0x0b, 0xff,
    0xcd, 0x57, 0x0a, 0xff, 0xcd, 0x56, 0x0a, 0xff, 0xcd, 0x56, 0x0a, 0xff, 0xcd, 0x56, 0x0a, 0xff,
    0xcd, 0x57, 0x0a, 0xff, 0xcd, 0x55, 0x09, 0xff, 0xce, 0x5b, 0x10, 0xff, 0xd9, 0x80, 0x3b, 0xff,
    0xd9, 0x82, 0x3d, 0xff, 0xda, 0x83, 0x3e, 0xff, 0xd9, 0x7e, 0x39, 0xff, 0xcf, 0x59, 0x0c, 0xff,
    0xce, 0x56, 0x09, 0xff, 0xcf, 0x57, 0x0a, 0xff, 0xcf, 0x58, 0x0b, 0xff, 0xce, 0x54, 0x06, 0xff,
    0xd3, 0x67, 0x1f, 0xff, 0xe1, 0x96, 0x5d, 0xff, 0xe1, 0x97, 0x5d, 0xff, 0xdd, 0x85, 0x45, 0xff,
    0xcf, 0x55, 0x06, 0xff, 0xd1, 0x5a, 0x0c, 0xff, 0xdb, 0x7e, 0x37, 0xff, 0xde, 0x84, 0x3e, 0xff,
    0xdd, 0x82, 0x3b, 0xff, 0xdd, 0x82, 0x3b, 0xff, 0xde, 0x84, 0x3e, 0xff, 0xda, 0x78, 0x2f, 0xff,
    0xd1, 0x57, 0x09, 0xff, 0xd1, 0x58, 0x0a, 0xff, 0xd0, 0x58, 0x0a, 0xff, 0xd4, 0x5a, 0x0a, 0xff,
    0xcb, 0x54, 0x09, 0xf7, 0x87, 0x2f, 0x02, 0xda, 0xc4, 0x51, 0x09, 0xc0, 0xff, 0x55, 0x00, 0x03,
    0x00, 0x00, 0x00, 0x00, 0xf4, 0x99, 0x4e, 0x4b, 0xae, 0x58, 0x21, 0xf2, 0x94, 0x40, 0x11, 0xd2,
    0xe6, 0x8a, 0x43, 0xff, 0xda, 0x80, 0x3d, 0xfe, 0xdd, 0x84, 0x41, 0xff, 0xdb, 0x7b, 0x36, 0xff,
    0xcf, 0x56, 0x0a, 0xff, 0xcf, 0x55, 0x09, 0xff, 0xcf, 0x56, 0x0b, 0xff, 0xcf, 0x55, 0x0a, 0xff,
    0xcf, 0x56, 0x0a, 0xff, 0xd0, 0x55, 0x0a, 0xff, 0xcf, 0x55, 0x0a, 0xff, 0xcf, 0x55, 0x0a, 0xff,
    0xcf, 0x56, 0x0a, 0xff, 0xcf, 0x56, 0x0a, 0xff, 0xcf, 0x56, 0x0b, 0xff, 0xce, 0x54, 0x08, 0xff,
    0xd0, 0x5c, 0x11, 0xff, 0xdb, 0x81, 0x3d, 0xff, 0xdb, 0x81, 0x3d, 0xff, 0xdb, 0x80, 0x3d, 0xff,
    0xdb, 0x81, 0x3e, 0xff, 0xd0, 0x5d, 0x14, 0xff, 0xcd, 0x53, 0x08, 0xff, 0xcd, 0x55, 0x0b, 0xff,
    0xcd, 0x54, 0x0a, 0xff, 0xcd, 0x54, 0x0a, 0xff, 0xcd, 0x54, 0x0a, 0xff, 0xcd, 0x54, 0x0a, 0xff,
    0xcd, 0x54, 0x0a, 0xff, 0xcd, 0x53, 0x09, 0xff, 0xce, 0x57, 0x0d, 0xff, 0xd9, 0x7e, 0x3a, 0xff,
    0xda, 0x81, 0x3e, 0xff, 0xda, 0x80, 0x3d, 0xff, 0xdb, 0x81, 0x3e, 0xff, 0xd0, 0x5d, 0x14, 0xff,
    0xcd, 0x53, 0x08, 0xff, 0xce, 0x55, 0x0b, 0xff, 0xce, 0x56, 0x0b, 0xff, 0xcd, 0x52, 0x06, 0xff,
    0xd2, 0x64, 0x1d, 0xff, 0xdf, 0x8f, 0x54, 0xff, 0xe0, 0x90, 0x55, 0xff, 0xdb, 0x7f, 0x40, 0xff,
    0xce, 0x54, 0x07, 0xff, 0xcf, 0x53, 0x07, 0xff, 0xd3, 0x62, 0x18, 0xff, 0xdd, 0x85, 0x41, 0xff,
    0xdc, 0x82, 0x3e, 0xff, 0xdc, 0x82, 0x3f, 0xff, 0xdc, 0x82, 0x3e, 0xff, 0xdd, 0x86, 0x43, 0xff,
    0xd7, 0x70, 0x29, 0xff, 0xce, 0x52, 0x06, 0xff, 0xce, 0x55, 0x0a, 0xfe, 0xd8, 0x5a, 0x0b, 0xff,
    0x90, 0x34, 0x02, 0xd2, 0xa7, 0x40, 0x06, 0xf2, 0xe3, 0x62, 0x0d, 0x4b, 0x00, 0x00, 0x00, 0x00,
    0xff, 0xaa, 0x55, 0x03, 0x00, 0x00, 0x00, 0x00, 0xe2, 0x85, 0x41, 0xa0, 0x95, 0x41, 0x11, 0xe7,
    0xab, 0x55, 0x20, 0xdc, 0xeb, 0x8d, 0x46, 0xff, 0xd9, 0x7e, 0x3b, 0xfe, 0xcf, 0x5a, 0x11, 0xff,
    0xcd, 0x51, 0x07, 0xff, 0xce, 0x54, 0x0a, 0xff, 0xce, 0x53, 0x09, 0xff, 0xce, 0x53, 0x0a, 0xff,
    0xce, 0x53, 0x0a, 0xff, 0xce, 0x53, 0x0a, 0xff, 0xce, 0x53, 0x0a, 0xff, 0xce, 0x53, 0x0a, 0xff,
    0xce, 0x53, 0x0a, 0xff, 0xce, 0x53, 0x0a, 0xff, 0xcd, 0x54, 0x0a, 0xff, 0xcc, 0x50, 0x06, 0xff,
    0xd4, 0x6a, 0x24, 0xff, 0xdc, 0x83, 0x41, 0xff, 0xdb, 0x7f, 0x3c, 0xff, 0xdb, 0x81, 0x3f, 0xff,
    0xd9, 0x7c, 0x3a, 0xff, 0xcd, 0x55, 0x0c, 0xff, 0xcc, 0x52, 0x09, 0xff, 0xcc, 0x53, 0x09, 0xff,
    0xcc, 0x52, 0x0a, 0xff, 0xcc, 0x52, 0x0a, 0xff, 0xcc, 0x52, 0x0a, 0xff, 0xcc, 0x52, 0x0a, 0xff,
    0xcc, 0x53, 0x0a, 0xff, 0xcc, 0x52, 0x09, 0xff, 0xcd, 0x54, 0x0b, 0xff, 0xd8, 0x7a, 0x37, 0xff,
    0xda, 0x81, 0x3f, 0xff, 0xda, 0x7f, 0x3c, 0xff, 0xdb, 0x83, 0x41, 0xff, 0xd2, 0x67, 0x20, 0xff,
    0xcb, 0x50, 0x06, 0xff, 0xcd, 0x54, 0x0b, 0xff, 0xcd, 0x53, 0x0a, 0xff, 0xcd, 0x53, 0x09, 0xff,
    0xce, 0x54, 0x0b, 0xff, 0xcf, 0x57, 0x0f, 0xff, 0xcf, 0x57, 0x0f, 0xff, 0xce, 0x56, 0x0d, 0xff,
    0xcd, 0x53, 0x09, 0xff, 0xce, 0x54, 0x0a, 0xff, 0xcd, 0x51, 0x07, 0xff, 0xd7, 0x71, 0x2c, 0xff,
    0xdc, 0x83, 0x41, 0xff, 0xdb, 0x80, 0x3d, 0xff, 0xdb, 0x80, 0x3e, 0xff, 0xdb, 0x80, 0x3d, 0xff,
    0xdb, 0x82, 0x41, 0xff, 0xd1, 0x65, 0x1e, 0xfe, 0xdc, 0x58, 0x09, 0xff, 0xa5, 0x3f, 0x05, 0xdc,
    0x91, 0x33, 0x02, 0xe7, 0xd3, 0x56, 0x09, 0xa0, 0x00, 0x00, 0x00, 0x00, 0xff, 0x55, 0x00, 0x03,
    0xff, 0xff, 0x00, 0x01, 0xff, 0x7f, 0x7f, 0x02, 0xff, 0xaa, 0x55, 0x0c, 0xd5, 0x7b, 0x3b, 0xcb,
    0x8f, 0x3d, 0x0e, 0xe1, 0xac, 0x5a, 0x27, 0xdc, 0xd9, 0x65, 0x1c, 0xff, 0xcd, 0x4e, 0x05, 0xff,
    0xc9, 0x51, 0x0a, 0xfe, 0xcb, 0x50, 0x09, 0xff, 0xcb, 0x50, 0x09, 0xff, 0xcb, 0x50, 0x09, 0xff,
    0xcb, 0x50, 0x09, 0xff, 0xcb, 0x51, 0x09, 0xff, 0xcb, 0x51, 0x09, 0xff, 0xcb, 0x51, 0x09, 0xff,
    0xcb, 0x51, 0x09, 0xff, 0xcb, 0x50, 0x09, 0xff, 0xcc, 0x50, 0x08, 0xff, 0xcb, 0x51, 0x09, 0xff,
    0xd7, 0x78, 0x36, 0xff, 0xda, 0x80, 0x3f, 0xff, 0xd9, 0x7d, 0x3c, 0xff, 0xda, 0x80, 0x40, 0xff,
    0xd5, 0x73, 0x30, 0xff, 0xca, 0x4f, 0x07, 0xff, 0xcb, 0x51, 0x09, 0xff, 0xcb, 0x51, 0x09, 0xff,
    0xcb, 0x51, 0x09, 0xff, 0xcb, 0x51, 0x09, 0xff, 0xcb, 0x51, 0x09, 0xff, 0xcb, 0x51, 0x09, 0xff,
    0xcb, 0x51, 0x09, 0xff, 0xcb, 0x51, 0x09, 0xff, 0xca, 0x4e, 0x07, 0xff, 0xd5, 0x72, 0x2f, 0xff,
    0xda, 0x80, 0x40, 0xff, 0xd9, 0x7d, 0x3b, 0xff, 0xda, 0x81, 0x41, 0xff, 0xd4, 0x6d, 0x29, 0xff,
    0xca, 0x4e, 0x06, 0xff, 0xcb, 0x51, 0x09, 0xff, 0xcb, 0x50, 0x09, 0xff, 0xcc, 0x51, 0x09, 0xff,
    0xcb, 0x50, 0x09, 0xff, 0xcb, 0x4f, 0x08, 0xff, 0xcb, 0x4f, 0x08, 0xff, 0xcb, 0x50, 0x08, 0xff,
    0xcb, 0x51, 0x09, 0xff, 0xcb, 0x51, 0x0a, 0xff, 0xcb, 0x4f, 0x07, 0xff, 0xcd, 0x56, 0x0f, 0xff,
    0xd9, 0x7d, 0x3c, 0xff, 0xda, 0x7f, 0x3e, 0xff, 0xd9, 0x7d, 0x3c, 0xff, 0xd7, 0x7c, 0x3b, 0xfe,
    0xde, 0x82, 0x3f, 0xff, 0xe3, 0x84, 0x3f, 0xff, 0xa4, 0x3e, 0x06, 0xdc, 0x8c, 0x2f, 0x00, 0xe1,
    0xc8, 0x4f, 0x08, 0xcb, 0xe9, 0x6a, 0x15, 0x0c, 0xff, 0x7f, 0x00, 0x02, 0xff, 0x00, 0x00, 0x01,
    0x00, 0x00, 0x00, 0x00, 0xff, 0x7f, 0x00, 0x02, 0x00, 0x00, 0x00, 0x00, 0xff, 0xa1, 0x50, 0x13,
    0xd4, 0x79, 0x39, 0xcc, 0x91, 0x37, 0x08, 0xe5, 0x8e, 0x2f, 0x01, 0xd2, 0xc5, 0x4c, 0x09, 0xf6,
    0xd4, 0x52, 0x0a, 0xff, 0xcf, 0x50, 0x09, 0xff, 0xca, 0x4e, 0x09, 0xff, 0xc9, 0x4e, 0x09, 0xfe,
    0xc8, 0x4d, 0x09, 0xfe, 0xc8, 0x4d, 0x09, 0xfe, 0xc8, 0x4d, 0x09, 0xfe, 0xc8, 0x4d, 0x09, 0xfe,
    0xc8, 0x4d, 0x09, 0xfe, 0xc8, 0x4e, 0x0a, 0xfe, 0xc7, 0x4b, 0x06, 0xfe, 0xcb, 0x57, 0x13, 0xfe,
    0xd7, 0x7d, 0x3d, 0xfe, 0xd7, 0x7b, 0x3c, 0xfe, 0xd7, 0x7a, 0x3b, 0xfe, 0xd8, 0x7f, 0x40, 0xfe,
    0xd0, 0x65, 0x23, 0xfe, 0xc7, 0x4a, 0x05, 0xfe, 0xc8, 0x4e, 0x0a, 0xfe, 0xc8, 0x4d, 0x09, 0xfe,
    0xc8, 0x4d, 0x09, 0xfe, 0xc8, 0x4d, 0x09, 0xfe, 0xc8, 0x4d, 0x09, 0xfe, 0xc8, 0x4d, 0x09, 0xfe,
    0xc8, 0x4d, 0x09, 0xfe, 0xc8, 0x4d, 0x09, 0xfe, 0xc7, 0x4b, 0x07, 0xfe, 0xd3, 0x70, 0x30, 0xfe,
    0xd8, 0x7e, 0x3f, 0xfe, 0xd7, 0x7a, 0x3b, 0xfe, 0xd7, 0x7d, 0x3e, 0xfe, 0xd4, 0x74, 0x34, 0xfe,
    0xc8, 0x4d, 0x09, 0xfe, 0xc8, 0x4d, 0x09, 0xfe, 0xc8, 0x4d, 0x09, 0xfe, 0xc8, 0x4d, 0x09, 0xfe,
    0xc8, 0x4d, 0x09, 0xfe, 0xc8, 0x4e, 0x09, 0xfe, 0xc8, 0x4e, 0x09, 0xfe, 0xc8, 0x4d, 0x09, 0xfe,
    0xc8, 0x4d, 0x09, 0xfe, 0xc8, 0x4d, 0x09, 0xfe, 0xc8, 0x4e, 0x0a, 0xfe, 0xc7, 0x49, 0x05, 0xfe,
    0xd0, 0x64, 0x22, 0xfe, 0xda, 0x81, 0x41, 0xff, 0xde, 0x80, 0x3f, 0xff, 0xe5, 0x86, 0x43, 0xff,
    0xd3, 0x77, 0x39, 0xf6, 0x92, 0x40, 0x12, 0xd2, 0x95, 0x41, 0x15, 0xe5, 0xc9, 0x53, 0x10, 0xcc,
    0xf1, 0x5d, 0x0d, 0x13, 0x00, 0x00, 0x00, 0x00, 0x7f, 0x00, 0x00, 0x02, 0x00, 0x00, 0x00, 0x00,
    0x00, 0x00, 0x00, 0x00, 0x00, 0x00, 0x00, 0x00, 0xff, 0x7f, 0x7f, 0x02, 0x00, 0x00, 0x00, 0x00,
    0xec, 0x91, 0x48, 0x0e, 0xd2, 0x55, 0x0f, 0xa1, 0xa6, 0x3b, 0x05, 0xed, 0x85, 0x2d, 0x02, 0xda,
    0x9b, 0x37, 0x03, 0xdc, 0xbb, 0x46, 0x06, 0xf0, 0xc9, 0x4b, 0x08, 0xfd, 0xcf, 0x4e, 0x09, 0xff,
    0xd2, 0x4f, 0x09, 0xff, 0xd2, 0x4f, 0x09, 0xff, 0xd2, 0x4f, 0x09, 0xff, 0xd2, 0x4f, 0x09, 0xff,
    0xd2, 0x4f, 0x09, 0xff, 0xd2, 0x50, 0x09, 0xff, 0xd1, 0x4d, 0x06, 0xff, 0xdc, 0x70, 0x2d, 0xff,
    0xe3, 0x87, 0x46, 0xff, 0xe2, 0x82, 0x42, 0xff, 0xe2, 0x83, 0x43, 0xff, 0xe3, 0x85, 0x45, 0xff,
    0xd6, 0x5d, 0x18, 0xff, 0xd1, 0x4c, 0x06, 0xff, 0xd2, 0x50, 0x0a, 0xff, 0xd2, 0x4f, 0x09, 0xff,
    0xd2, 0x4f, 0x09, 0xff, 0xd2, 0x4f, 0x09, 0xff, 0xd2, 0x4f, 0x09, 0xff, 0xd2, 0x4f, 0x09, 0xff,
    0xd2, 0x4f, 0x09, 0xff, 0xd2, 0x50, 0x0a, 0xff, 0xd1, 0x4b, 0x05, 0xff, 0xdb, 0x6c, 0x29, 0xff,
    0xe3, 0x87, 0x47, 0xff, 0xe2, 0x82, 0x42, 0xff, 0xe2, 0x83, 0x43, 0xff, 0xe2, 0x83, 0x43, 0xff,
    0xd5, 0x59, 0x13, 0xff, 0xd1, 0x4d, 0x07, 0xff, 0xd2, 0x50, 0x0a, 0xff, 0xd2, 0x4f, 0x09, 0xff,
    0xd2, 0x4f, 0x09, 0xff, 0xd2, 0x4f, 0x09, 0xff, 0xd2, 0x4f, 0x09, 0xff, 0xd2, 0x4f, 0x09, 0xff,
    0xd2, 0x4f, 0x09, 0xff, 0xd2, 0x4f, 0x09, 0xff, 0xd2, 0x4f, 0x09, 0xff, 0xd2, 0x4f, 0x09, 0xff,
    0xcf, 0x4e, 0x09, 0xff, 0xd5, 0x72, 0x33, 0xfd, 0xc7, 0x6f, 0x35, 0xf0, 0xa1, 0x4b, 0x1c, 0xdc,
    0x87, 0x35, 0x0e, 0xda, 0xaf, 0x56, 0x22, 0xed, 0xe0, 0x80, 0x3f, 0xa1, 0xff, 0xa3, 0x6d, 0x0e,
    0x00, 0x00, 0x00, 0x00, 0xff, 0x7f, 0x00, 0x02, 0x00, 0x00, 0x00, 0x00, 0x00, 0x00, 0x00, 0x00,
    0x00, 0x00, 0x00, 0x00, 0x00, 0x00, 0x00, 0x00, 0x00, 0x00, 0x00, 0x00, 0x7f, 0x7f, 0x00, 0x02,
    0x00, 0x00, 0x00, 0x00, 0x00, 0x00, 0x00, 0x00, 0xdd, 0x52, 0x09, 0x4d, 0xbf, 0x46, 0x06, 0xbd,
    0xa0, 0x38, 0x04, 0xdf, 0x8b, 0x2f, 0x02, 0xdc, 0x88, 0x2f, 0x02, 0xd8, 0x93, 0x33, 0x02, 0xd7,
    0x9f, 0x38, 0x03, 0xe0, 0x9e, 0x38, 0x03, 0xe0, 0x9e, 0x38, 0x03, 0xe0, 0x9e, 0x38, 0x03, 0xe0,
    0x9e, 0x38, 0x03, 0xe0, 0x9f, 0x38, 0x03, 0xe0, 0x9e, 0x37, 0x03, 0xe0, 0xa5, 0x4c, 0x1a, 0xe0,
    0xa6, 0x50, 0x1e, 0xe0, 0xa6, 0x4f, 0x1d, 0xe0, 0xa6, 0x4f, 0x1e, 0xe0, 0xa6, 0x50, 0x1e, 0xe0,
    0xa0, 0x3c, 0x09, 0xe0, 0x9e, 0x37, 0x02, 0xe0, 0x9e, 0x38, 0x04, 0xe0, 0x9e, 0x38, 0x03, 0xe0,
    0x9e, 0x38, 0x03, 0xe0, 0x9e, 0x38, 0x03, 0xe0, 0x9e, 0x38, 0x03, 0xe0, 0x9e, 0x38, 0x03, 0xe0,
    0x9e, 0x38, 0x03, 0xe0, 0x9e, 0x38, 0x04, 0xe0, 0x9e, 0x36, 0x02, 0xe0, 0xa2, 0x44, 0x11, 0xe0,
    0xa7, 0x51, 0x1f, 0xe0, 0xa6, 0x4f, 0x1d, 0xe0, 0xa6, 0x4f, 0x1e, 0xe0, 0xa7, 0x50, 0x1e, 0xe0,
    0xa0, 0x3d, 0x0a, 0xe0, 0x9e, 0x36, 0x02, 0xe0, 0x9e, 0x38, 0x04, 0xe0, 0x9e, 0x38, 0x03, 0xe0,
    0x9e, 0x38, 0x03, 0xe0, 0x9e, 0x38, 0x03, 0xe0, 0x9e, 0x38, 0x03, 0xe0, 0x9e, 0x38, 0x03, 0xe0,
    0x9e, 0x38, 0x03, 0xe0, 0x9e, 0x38, 0x03, 0xe0, 0x9e, 0x38, 0x03, 0xe0, 0x9f, 0x38, 0x04, 0xe0,
    0x93, 0x33, 0x02, 0xd7, 0x88, 0x30, 0x04, 0xd8, 0x8e, 0x39, 0x0f, 0xdc, 0xa8, 0x50, 0x21, 0xdf,
    0xce, 0x6f, 0x35, 0xbd, 0xee, 0x8e, 0x4c, 0x4d, 0x00, 0x00, 0x00, 0x00, 0x00, 0x00, 0x00, 0x00,
    0x7f, 0x7f, 0x00, 0x02, 0x00, 0x00, 0x00, 0x00, 0x00, 0x00, 0x00, 0x00, 0x00, 0x00, 0x00, 0x00,
    0x00, 0x00, 0x00, 0x00, 0x00, 0x00, 0x00, 0x00, 0x00, 0x00, 0x00, 0x00, 0x00, 0x00, 0x00, 0x00,
    0xff, 0xff, 0x00, 0x01, 0x7f, 0x7f, 0x00, 0x02, 0x00, 0x00, 0x00, 0x00, 0x00, 0x00, 0x00, 0x00,
    0xe3, 0x51, 0x0b, 0x42, 0xc7, 0x48, 0x08, 0x94, 0xb5, 0x40, 0x06, 0xbf, 0xa2, 0x38, 0x04, 0xe0,
    0x99, 0x34, 0x03, 0xdc, 0x99, 0x35, 0x03, 0xdd, 0x99, 0x35, 0x03, 0xdd, 0x99, 0x35, 0x03, 0xdd,
    0x99, 0x35, 0x04, 0xdd, 0x99, 0x32, 0x02, 0xdd, 0x9c, 0x3e, 0x0d, 0xdd, 0xa1, 0x4d, 0x1c, 0xdd,
    0xa0, 0x49, 0x1a, 0xdd, 0xa0, 0x49, 0x1a, 0xdd, 0xa1, 0x4c, 0x1c, 0xdd, 0x9e, 0x44, 0x13, 0xdd,
    0x98, 0x32, 0x01, 0xdd, 0x99, 0x35, 0x03, 0xdd, 0x99, 0x35, 0x03, 0xdd, 0x99, 0x35, 0x03, 0xdd,
    0x99, 0x35, 0x03, 0xdd, 0x99, 0x35, 0x03, 0xdd, 0x99, 0x35, 0x03, 0xdd, 0x99, 0x35, 0x03, 0xdd,
    0x99, 0x35, 0x03, 0xdd, 0x99, 0x35, 0x03, 0xdd, 0x99, 0x32, 0x02, 0xdd, 0x9b, 0x3d, 0x0c, 0xdd,
    0xa1, 0x4c, 0x1c, 0xdd, 0xa0, 0x4b, 0x1a, 0xdd, 0xa0, 0x49, 0x1a, 0xdd, 0xa1, 0x4c, 0x1c, 0xdd,
    0x9e, 0x42, 0x13, 0xdd, 0x99, 0x33, 0x02, 0xdd, 0x99, 0x35, 0x03, 0xdd, 0x99, 0x35, 0x03, 0xdd,
    0x99, 0x35, 0x03, 0xdd, 0x99, 0x35, 0x03, 0xdd, 0x99, 0x35, 0x03, 0xdd, 0x99, 0x35, 0x03, 0xdd,
    0x99, 0x35, 0x03, 0xdd, 0x99, 0x35, 0x03, 0xdd, 0x99, 0x35, 0x03, 0xdd, 0x99, 0x34, 0x03, 0xdc,
    0xa3, 0x38, 0x04, 0xe0, 0xb4, 0x3d, 0x04, 0xbf, 0xd2, 0x69, 0x2b, 0x94, 0xf7, 0x96, 0x55, 0x42,
    0x00, 0x01, 0x01, 0x00, 0x00, 0x00, 0x00, 0x00, 0x7f, 0x7f, 0x00, 0x02, 0xff, 0xff, 0x00, 0x01,
    0x00, 0x00, 0x00, 0x00, 0x00, 0x00, 0x00, 0x00, 0x00, 0x00, 0x00, 0x00, 0x00, 0x00, 0x00, 0x00,
};
